ERR4450741	gb|BAD59497.1|ARO:3000501|rpoB2	31869
ERR4450741	gb|AAV85982.1|ARO:3000535|macB	22451
ERR4450741	gb|WP_041777404.1|ARO:3004480|Bado_rpoB_RIF	20884
ERR4450741	gb|APB03219.1|ARO:3003986|TaeA	16440
ERR4450741	gb|AAK37618.1|ARO:3005008|TxR	14589
ERR4450741	gb|NP_862226.1|ARO:3004639|Cstr_tetA	13837
ERR4450741	gb|AAF67494.2|ARO:3002522|novA	13398
ERR4450741	gb|AAA99504.1|ARO:3002987|bcrA	13215
ERR4450741	gb|AAC74000.1|ARO:3003950|msbA	12821
ERR4450741	gb|AEY83581.1|ARO:3000510|Saur_mupB_MUP	11579
ERR4450741	gb|CAA53189.1|ARO:3000521|Saur_mupA_MUP	10886
ERR4450741	gb|APB03214.1|ARO:3003980|tetA(58)	10467
ERR4450741	gb|ADP36409.1|ARO:3003730|Bbif_ileS_MUP	9815
ERR4450741	gb|ADZ12699.1|ARO:3005091|RanA	8642
ERR4450741	gb|AAA26793.1|ARO:3003748|oleC	8577
ERR4450741	gb|ATC67679.1|ARO:3000838|arlR	7266
ERR4450741	gb|AAG07763.1|ARO:3003031|MexW	7062
ERR4450741	gb|AKA86814.1|ARO:3003746|optrA	7046
ERR4450741	gb|WKR28567.1|ARO:3007678|IreK	6817
ERR4450741	gb|AAC75429.1|ARO:3000833|evgS	6691
ERR4450741	gb|ABD30512.1|ARO:3000839|arlS	5483
ERR4450741	gb|AAC32027.1|ARO:3002817|carA	5369
ERR4450741	gb|AAG07064.1|ARO:3003693|MexK	5335
ERR4450741	gb|AAC76093.1|ARO:3002986|bacA	5171
ERR4450741	gb|NP_388442.1|ARO:3004476|vmlR	4998
ERR4450741	gb|CAA37477.1|ARO:3002891|otr(A)S.rim	4980
ERR4450741	gb|CAA45050.1|ARO:3002828|srmB	4946
ERR4450741	gb|AAD51348.1|ARO:3003066|smeR	4808
ERR4450741	gb|AAA20117.1|ARO:3000195|tetB(P)	4797
ERR4450741	gb|AAG05915.1|ARO:3004074|MuxB	4582
ERR4450741	gb|ABX00624.1|ARO:3002881|lmrC	4544
ERR4450741	gb|AAA50325.1|ARO:3003036|oleB	4475
ERR4450741	gb|AAK76136.1|ARO:3000025|patB	4443
ERR4450741	gb|WP_104671188.1|ARO:3003948|efrA	4400
ERR4450741	gb|AYV52072.1|ARO:3002882|lmrD	4347
ERR4450741	gb|ANZ79241.1|ARO:3004036|tetB(60)	4243
ERR4450741	gb|ABO11759.2|ARO:3004573|Abau_AbaF	4180
ERR4450741	gb|AET10445.1|ARO:3004033|tetB(46)	4162
ERR4450741	gb|WP_102607457.1|ARO:3004361|sul4	4079
ERR4450741	gb|AAA26832.1|ARO:3002827|tlrC	3983
ERR4450741	gb|AAB41957.1|ARO:3000801|MexD	3930
ERR4450741	gb|AAC75089.1|ARO:3003577|ugd	3751
ERR4450741	gb|CDO61516.1|ARO:3003949|efrB	3523
ERR4450741	gb|AAG07594.1|ARO:3000808|MexI	3434
ERR4450741	gb|AAG06942.1|ARO:3002985|arnA	3296
ERR4450741	gb|AAR84672.1|ARO:3002925|vanR_in_vanF_cl	3287
ERR4450741	gb|AAC75136.1|ARO:3000793|mdtB	3270
ERR4450741	gb|AAC75137.1|ARO:3000794|mdtC	3158
ERR4450741	gb|AAG06465.1|ARO:3005063|cprR	3150
ERR4450741	gb|ACL82957.1|ARO:3002928|vanR_in_vanM_cl	3150
ERR4450741	gb|SIP52035.1|ARO:3004054|Paer_CpxR	3114
ERR4450741	gb|AAD51347.1|ARO:3003067|smeS	3102
ERR4450741	gb|AVI44920.1|ARO:3004470|poxtA	3092
ERR4450741	gb|AAK76137.1|ARO:3000024|patA	3056
ERR4450741	gb|AAC75271.1|ARO:3003952|YojI	3055
ERR4450741	gb|CDO13836.1|ARO:3005044|OmpA	2844
ERR4450741	gb|CAH14033.1|ARO:3004100|LpeB	2829
ERR4450741	gb|AAG05882.1|ARO:3000804|MexF	2806
ERR4450741	gb|AAC73788.1|ARO:3003841|kdpE	2752
ERR4450741	gb|ABS43151.1|ARO:3000784|cmeB	2739
ERR4450741	gb|AAG05914.1|ARO:3004075|MuxC	2636
ERR4450741	gb|BAE06006.1|ARO:3003705|mexN	2620
ERR4450741	gb|AAC60780.1|ARO:3003049|rosB	2606
ERR4450741	gb|BAE06008.1|ARO:3003699|mexQ	2604
ERR4450741	gb|AAP43110.2|ARO:3003923|oqxB	2561
ERR4450741	gb|AAF01499.1|ARO:3000193|tet(T)	2555
ERR4450741	gb|AAL19305.1|ARO:3000790|mdsB	2420
ERR4450741	gb|AAB64408.1|ARO:3007050|mreA	2352
ERR4450741	gb|AAA88675.1|ARO:3000498|ErmF	2342
ERR4450741	gb|AAG03548.1|ARO:3003681|TriC	2327
ERR4450741	gb|ACB05808.1|ARO:3003109|msrE	2320
ERR4450741	gb|AAD04032.1|ARO:3002892|otr(B)	2237
ERR4450741	gb|SOX29786.1|ARO:3004730|tva(A)	2237
ERR4450741	gb|BAB38260.1|ARO:3000830|cpxA	2235
ERR4450741	gb|AAC75314.1|ARO:3003578|PmrF	2177
ERR4450741	gb|ANZ79240.1|ARO:3004035|tetA(60)	2156
ERR4450741	gb|AAR96051.1|ARO:3002894|otr(C)	2124
ERR4450741	gb|APB03222.1|ARO:3003992|rphB	2116
ERR4450741	gb|AEX49906.1|ARO:3003583|basS	2063
ERR4450741	gb|AAB05622.1|ARO:3002921|vanR_in_vanB_cl	2014
ERR4450741	gb|CBH51823.1|ARO:3000556|tet(44)	1992
ERR4450741	gb|AAN28945.1|ARO:3003785|Ctra_murA_FOF	1985
ERR4450741	gb|NP_216393.1|ARO:3007662|Rv1877	1984
ERR4450741	gb|AAB58161.1|ARO:3003010|ceoB	1928
ERR4450741	gb|AAF42062.1|ARO:3000811|mtrD	1919
ERR4450741	gb|ABA71733.1|ARO:3002972|vanT_in_vanG_cl	1907
ERR4450741	gb|ADZ12700.1|ARO:3005090|RanB	1907
ERR4450741	gb|AAG05188.1|ARO:3005068|ParR	1705
ERR4450741	gb|AEA37904.1|ARO:3003112|lsaC	1705
ERR4450741	gb|BAA07390.1|ARO:3002893|tcr3	1698
ERR4450741	gb|AJP12342.1|ARO:3007637|cplR	1666
ERR4450741	gb|AAL14440.1|ARO:3000775|adeB	1656
ERR4450741	gb|AAX14802.1|ARO:3000781|adeJ	1621
ERR4450741	gb|BAE85478.1|ARO:3003728|vanR_in_vanI_cl	1604
ERR4450741	gb|ALH22601.1|ARO:3000620|adeL	1595
ERR4450741	gb|MBY8651254.1|ARO:3007188|vanH_in_vanP_cl	1565
ERR4450741	gb|BAB80490.1|ARO:3007644|Cper_cplR	1563
ERR4450741	gb|CAA79966.1|ARO:3003665|NmcR	1527
ERR4450741	gb|AET10444.1|ARO:3004032|tetA(46)	1512
ERR4450741	gb|AAG05187.1|ARO:3005067|ParS	1500
ERR4450741	gb|CAJ77856.1|ARO:3000777|adeF	1499
ERR4450741	gb|AAA25293.1|ARO:3000192|tet(S)	1493
ERR4450741	gb|AAG07762.1|ARO:3003030|MexV	1439
ERR4450741	gb|AHA41499.1|ARO:3002948|vanH_in_vanO_cl	1368
ERR4450741	gb|AAL27445.1|ARO:3002924|vanR_in_vanE_cl	1351
ERR4450741	gb|AAM09850.1|ARO:3002944|vanH_in_vanD_cl	1348
ERR4450741	gb|AHA41505.1|ARO:3002930|vanR_in_vanO_cl	1320
ERR4450741	gb|AAA74437.1|ARO:3000378|MexB	1309
ERR4450741	gb|AAC76539.1|ARO:3000796|mdtF	1307
ERR4450741	gb|BAB36671.1|ARO:3000832|evgA	1294
ERR4450741	gb|APB03216.1|ARO:3003982|LlmA_23S_CLI	1290
ERR4450741	gb|TKW44661.1|ARO:3005040|YajC	1227
ERR4450741	gb|CAD55718.1|ARO:3000197|tet(36)	1226
ERR4450741	gb|AAC73564.1|ARO:3000216|acrB	1223
ERR4450741	gb|AEP40504.1|ARO:3002940|vanS_in_vanN_cl	1219
ERR4450741	gb|AAA25550.1|ARO:3003105|dfrA3	1206
ERR4450741	gb|AAF36802.1|ARO:3002945|vanH_in_vanF_cl	1161
ERR4450741	gb|AAA65954.1|ARO:3002931|vanS_in_vanA_cl	1160
ERR4450741	gb|ACJ41547.2|ARO:3004574|Abau_AbaQ	1128
ERR4450741	gb|AAA26830.1|ARO:3007127|otr(A)S.liv	1100
ERR4450741	gb|ADM92605.1|ARO:3000553|adeR	1092
ERR4450741	gb|CAA10975.1|ARO:3000194|tet(W)	1091
ERR4450741	gb|ABI20451.1|ARO:3003741|mphE	1090
ERR4450741	gb|CCA59315.1|ARO:3007208|HelR	1080
ERR4450741	gb|CAL84423.1|ARO:3004146|cfrC	1070
ERR4450741	gb|CAC14595.1|ARO:3003056|smeE	1060
ERR4450741	gb|AAB05626.1|ARO:3002943|vanH_in_vanB_cl	1042
ERR4450741	gb|AAC76298.1|ARO:3000502|AcrF	1031
ERR4450741	gb|AIA35096.1|ARO:3005059|LptD	1008
ERR4450741	gb|ALV80601.1|ARO:3003801|bcr-1	998
ERR4450741	gb|MBY8651250.1|ARO:3007192|vanS_in_vanP_cl	991
ERR4450741	gb|BAH45481.1|ARO:3002815|clbB	981
ERR4450741	gb|BAI83385.1|ARO:3003440|mecB	981
ERR4450741	gb|ABX54687.1|ARO:3002910|vanL	979
ERR4450741	gb|AAL19308.1|ARO:3000504|golS	975
ERR4450741	gb|QNR09092.1|ARO:3007042|msr(G)	973
ERR4450741	gb|AAK01167.1|ARO:3002819|msrC	967
ERR4450741	gb|AAA65953.1|ARO:3002919|vanR_in_vanA_cl	963
ERR4450741	gb|BAA34300.1|ARO:3003033|mexY	959
ERR4450741	gb|BAA16344.1|ARO:3000491|acrD	952
ERR4450741	gb|AEJ33969.1|ARO:3000410|sul1	950
ERR4450741	gb|QHW12375.1|ARO:3005087|msrF	943
ERR4450741	gb|AAF86641.1|ARO:3002922|vanR_in_vanC_cl	938
ERR4450741	gb|ACX92986.2|ARO:3002832|vgaD	938
ERR4450741	gb|WP_082039181.1|ARO:3007028|salD	933
ERR4450741	gb|CBY88983.1|ARO:3002833|vgaE	929
ERR4450741	gb|CAA79727.1|ARO:3000191|tet(Q)	922
ERR4450741	gb|AAD22403.1|ARO:3002970|vanT_in_vanC_cl	898
ERR4450741	gb|DAC81085.1|ARO:3005088|msrH	898
ERR4450741	gb|AAC60781.1|ARO:3003048|rosA	885
ERR4450741	gb|AAL59753.1|ARO:3000412|sul2	881
ERR4450741	gb|AAB84282.1|ARO:3000181|tet(V)	868
ERR4450741	gb|AEO25219.1|ARO:3004651|lin	866
ERR4450741	gb|AAC75733.1|ARO:3000074|emrB	862
ERR4450741	gb|AAB95639.1|ARO:3000118|vgaB	858
ERR4450741	gb|MCO7070877.1|ARO:3007433|almE	858
ERR4450741	gb|AAD51345.1|ARO:3003052|smeB	853
ERR4450741	gb|BAE85481.1|ARO:3003727|vanK_in_vanI_cl	844
ERR4450741	gb|ACL82960.1|ARO:3002947|vanH_in_vanM_cl	835
ERR4450741	gb|BAD58386.1|ARO:3007210|Nfar_rox	827
ERR4450741	gb|AKC61310.1|ARO:3007645|Cspo_cplR	818
ERR4450741	gb|EGP45231.1|ARO:3004144|AxyY	813
ERR4450741	gb|QQA64075.1|ARO:3007043|msr(I)	812
ERR4450741	gb|ABH10964.1|ARO:3002830|vgaALC	808
ERR4450741	gb|APB03215.1|ARO:3003981|tetB(58)	808
ERR4450741	gb|AAW66497.1|ARO:3000566|tet(39)	805
ERR4450741	gb|CAA03986.1|ARO:3000343|tap	796
ERR4450741	gb|AAA23033.2|ARO:3000190|tet(O)	790
ERR4450741	gb|AAB41059.1|ARO:3002884|iri	784
ERR4450741	gb|VWQ00850.1|ARO:3003843|leuO	778
ERR4450741	gb|BAA11237.1|ARO:3000254|emrY	766
ERR4450741	gb|WP_051021433.1|ARO:3004600|LnuH	758
ERR4450741	gb|AAA86871.1|ARO:3002841|vatB	757
ERR4450741	gb|APE19944.1|ARO:3007209|Sven_rox	756
ERR4450741	gb|ACJ63260.1|ARO:3000413|sul3	747
ERR4450741	gb|CYF42523.1|ARO:3004047|kdpD	743
ERR4450741	gb|AAG07593.1|ARO:3000807|MexH	734
ERR4450741	gb|AAP93922.1|ARO:3000569|tet(41)	730
ERR4450741	gb|AAL27442.1|ARO:3002907|vanE	717
ERR4450741	gb|AAG05913.1|ARO:3004072|OpmB	703
ERR4450741	gb|AAM09849.1|ARO:3000005|vanD	700
ERR4450741	gb|AAL05553.1|ARO:3003206|lsaE	699
ERR4450741	gb|UXD71803.1|ARO:3007459|EstT	694
ERR4450741	gb|AAF40764.1|ARO:3003962|farB	691
ERR4450741	gb|AAG04750.1|ARO:3004077|PmpM	690
ERR4450741	gb|AAG05916.1|ARO:3004073|MuxA	689
ERR4450741	gb|CAH35802.1|ARO:3002983|amrB	683
ERR4450741	gb|WP_096809342.1|ARO:3007029|salE	683
ERR4450741	gb|BAD63613.1|ARO:3002816|clbC	681
ERR4450741	gb|WP_124470450.1|ARO:3007494|tet(64)	672
ERR4450741	gb|BAE77933.1|ARO:3000518|CRP	668
ERR4450741	gb|AAP43109.1|ARO:3003922|oqxA	655
ERR4450741	gb|AHB37625.1|ARO:3004715|Scoh_vga(E)	654
ERR4450741	gb|ACL82958.1|ARO:3002939|vanS_in_vanM_cl	651
ERR4450741	gb|ACH87088.1|ARO:3000196|tet(32)	650
ERR4450741	gb|ACS83748.1|ARO:3000573|tet(43)	641
ERR4450741	gb|RHO92765.1|ARO:3005023|cfrE	641
ERR4450741	gb|AGN74946.1|ARO:3003749|salA	631
ERR4450741	gb|ABX54691.1|ARO:3002927|vanR_in_vanL_cl	626
ERR4450741	gb|AAC75135.2|ARO:3000792|mdtA	615
ERR4450741	gb|AIA08936.1|ARO:3000444|rphA	614
ERR4450741	gb|MBW0764195.1|ARO:3007027|salC	609
ERR4450741	gb|AHA41500.1|ARO:3002913|vanO	604
ERR4450741	gb|AEP40503.1|ARO:3002929|vanR_in_vanN_cl	603
ERR4450741	gb|AAA24786.1|ARO:3000368|vanC	601
ERR4450741	gb|NP_217372.1|ARO:3007659|Rv2856	601
ERR4450741	gb|AAB41958.1|ARO:3000802|OprJ	587
ERR4450741	gb|CBL58195.1|ARO:3002831|vgaC	575
ERR4450741	gb|WP_011094382.1|ARO:3006903|CAR-1	569
ERR4450741	gb|AAL09826.1|ARO:3007124|tet(W/32/O)	551
ERR4450741	gb|ABA71728.1|ARO:3002937|vanS_in_vanG_cl	544
ERR4450741	gb|AAO43110.1|ARO:3000300|lsaA	542
ERR4450741	gb|AAF40763.1|ARO:3003961|farA	535
ERR4450741	gb|ABX54692.1|ARO:3002938|vanS_in_vanL_cl	530
ERR4450741	gb|MBY8651251.1|ARO:3007191|vanR_in_vanP_cl	529
ERR4450741	gb|ABA71727.1|ARO:3002926|vanR_in_vanG_cl	527
ERR4450741	gb|BAB82500.1|ARO:3000186|tet(M)	527
ERR4450741	gb|AAA99503.1|ARO:3003250|bcrC	521
ERR4450741	gb|AAG03816.1|ARO:3000379|OprM	516
ERR4450741	gb|ABA71731.1|ARO:3002909|vanG	516
ERR4450741	gb|ACX65640.1|ARO:3003907|cipA	515
ERR4450741	gb|AHH83938.1|ARO:3000013|vanB	508
ERR4450741	gb|AXY65402.1|ARO:3005021|cfr(D)	500
ERR4450741	gb|AAF63432.1|ARO:3003744|vatF	491
ERR4450741	gb|AAG08359.1|ARO:3003682|OpmH	484
ERR4450741	gb|AAP82271.1|ARO:3004123|Bpse_Omp38	481
ERR4450741	gb|AAL27444.1|ARO:3002971|vanT_in_vanE_cl	480
ERR4450741	gb|ADO96486.1|ARO:3003953|hmrM	474
ERR4450741	gb|AQX82857.1|ARO:3004185|mecD	473
ERR4450741	gb|AMD83542.1|ARO:3007669|aadT	472
ERR4450741	gb|ADM92606.1|ARO:3000549|adeS	470
ERR4450741	gb|AAB41956.1|ARO:3000800|MexC	465
ERR4450741	gb|ASK40551.1|ARO:3004332|MCR-5.1	459
ERR4450741	gb|AAG05881.1|ARO:3000803|MexE	452
ERR4450741	gb|CDF47262.1|ARO:3004649|cfr(B)	452
ERR4450741	gb|MBY8651253.1|ARO:3007189|vanP	452
ERR4450741	gb|CCP45647.1|ARO:3003955|efpA	449
ERR4450741	gb|AAN06707.1|ARO:3000165|tet(A)	441
ERR4450741	gb|CAJ77857.1|ARO:3000778|adeG	440
ERR4450741	gb|AAB05623.1|ARO:3002932|vanS_in_vanB_cl	435
ERR4450741	gb|AAC43550.1|ARO:3003967|lfrA	423
ERR4450741	gb|AAC76296.1|ARO:3000656|AcrS	419
ERR4450741	gb|WFS32678.1|ARO:3007802|RATA-2	418
ERR4450741	gb|CAB13167.1|ARO:3003064|ykkD	416
ERR4450741	gb|CAL48457.1|ARO:3002857|dfrA26	412
ERR4450741	gb|AAA22081.1|ARO:3004451|Afab_ACT_CHL	410
ERR4450741	gb|AAG07065.1|ARO:3003692|MexJ	408
ERR4450741	gb|AXF35727.1|ARO:3005121|lsaD	408
ERR4450741	gb|BAM10414.1|ARO:3003039|OprA	407
ERR4450741	gb|QIM09823.1|ARO:3005056|tet(X6)	407
ERR4450741	gb|AJP77057.1|ARO:3003718|MSI-1	403
ERR4450741	gb|AGV28567.1|ARO:3000559|adeN	398
ERR4450741	gb|ACN32294.1|ARO:3000237|TolC	397
ERR4450741	gb|AEP40500.1|ARO:3002912|vanN	395
ERR4450741	gb|BAD89844.2|ARO:3000753|abeM	391
ERR4450741	gb|BAE78084.1|ARO:3003548|mdtN	390
ERR4450741	gb|WP_000949574.1|ARO:3005348|DfrA36	388
ERR4450741	gb|KTE89608.1|ARO:3003723|vanI	378
ERR4450741	gb|AAG03546.1|ARO:3003679|TriA	369
ERR4450741	gb|MBY8651252.1|ARO:3007190|vanX_in_vanP_cl	368
ERR4450741	gb|AAL27446.1|ARO:3002935|vanS_in_vanE_cl	363
ERR4450741	gb|AAF86220.1|ARO:3002844|vatE	355
ERR4450741	gb|ACQ82816.1|ARO:3004577|Abau_AmvA	353
ERR4450741	gb|AAD09860.1|ARO:3000561|tet(30)	349
ERR4450741	gb|AAD08227.1|ARO:3003964|hp1181	348
ERR4450741	gb|AAA65955.1|ARO:3002942|vanH_in_vanA_cl	341
ERR4450741	gb|AAV85981.1|ARO:3000533|macA	341
ERR4450741	gb|XP_753111.1|ARO:3003942|abcA	340
ERR4450741	gb|AAO04716.1|ARO:3002865|dfrC	338
ERR4450741	gb|QNR09091.1|ARO:3007044|mef(F)	334
ERR4450741	gb|AAA88560.1|ARO:3004699|sta	331
ERR4450741	gb|AAK07612.2|ARO:3000604|Erm(35)	328
ERR4450741	gb|CAA36304.1|ARO:3000251|msrA	323
ERR4450741	gb|AAC41392.1|ARO:3002557|AAC(6')-Ij	319
ERR4450741	gb|CAA75663.1|ARO:3000175|tet(H)	319
ERR4450741	gb|CAC14596.1|ARO:3003057|smeF	318
ERR4450741	gb|AFK80333.1|ARO:3001313|facT	317
ERR4450741	gb|AAG05883.1|ARO:3000805|OprN	316
ERR4450741	gb|MBW0770001.1|ARO:3007026|salB	304
ERR4450741	gb|WP_197749399.1|ARO:3005349|DfrA38	303
ERR4450741	gb|AEP40502.2|ARO:3002975|vanT_in_vanN_cl	299
ERR4450741	gb|AAG05661.1|ARO:3004107|Paer_soxR	298
ERR4450741	gb|ABX54690.1|ARO:3002974|vanTr_in_vanL	298
ERR4450741	gb|CCC86795.1|ARO:3001209|mecC	293
ERR4450741	gb|AUR80098.1|ARO:3004517|MCR-7.1	292
ERR4450741	gb|AVX51087.1|ARO:3004559|CAM-1	292
ERR4450741	gb|ABG77965.1|ARO:3004042|Eclo_acrA	290
ERR4450741	gb|AAC74149.2|ARO:3001216|mdtH	289
ERR4450741	gb|QIQ10744.1|ARO:3007492|tet(62)	288
ERR4450741	gb|ABO40886.1|ARO:3004645|dfrI	286
ERR4450741	gb|AAM09851.1|ARO:3002923|vanR_in_vanD_cl	285
ERR4450741	gb|CAJ98570.1|ARO:3003071|mphF	283
ERR4450741	gb|ABV18113.1|ARO:3001329|mdtG	277
ERR4450741	gb|AGZ55247.1|ARO:3002814|clbA	275
ERR4450741	gb|AAD25063.1|ARO:3000183|tet(Z)	274
ERR4450741	gb|BAJ09383.1|ARO:3003046|qacA	274
ERR4450741	gb|AAD25538.1|ARO:3000174|tet(G)	270
ERR4450741	gb|CAJ77855.1|ARO:3000779|adeH	270
ERR4450741	gb|BAL43360.1|ARO:3003745|mef(C)	268
ERR4450741	gb|ACL82961.1|ARO:3002911|vanM	267
ERR4450741	gb|AAL20862.1|ARO:3000826|sdiA	266
ERR4450741	gb|AAA27471.1|ARO:3000205|tet(X)	257
ERR4450741	gb|AAF42063.1|ARO:3000810|mtrC	256
ERR4450741	gb|AAA65956.1|ARO:3000010|vanA	250
ERR4450741	gb|AAC44316.1|ARO:3005010|qacEdelta1	250
ERR4450741	gb|AAD51344.1|ARO:3003051|smeA	250
ERR4450741	gb|QFQ03949.1|ARO:3005051|LpsB	248
ERR4450741	gb|CAC14594.1|ARO:3003055|smeD	247
ERR4450741	gb|BAJ10053.1|ARO:3002874|FosC2	244
ERR4450741	gb|AAL19304.1|ARO:3000791|mdsC	242
ERR4450741	gb|BAE78116.1|ARO:3003576|eptA	242
ERR4450741	gb|WP_148044424.1|ARO:3006964|PAU-1	240
ERR4450741	gb|AAG06466.1|ARO:3005064|cprS	239
ERR4450741	gb|ACJ63262.1|ARO:3003107|mef(B)	235
ERR4450741	gb|AHA41504.1|ARO:3002941|vanS_in_vanO_cl	234
ERR4450741	gb|AKN19287.1|ARO:3002578|AAC(6')-Ib7	234
ERR4450741	gb|AAF36803.1|ARO:3002908|vanF	233
ERR4450741	gb|AAA99931.1|ARO:3003060|tsnR	230
ERR4450741	gb|AAN86837.2|ARO:3000601|Erm(38)	228
ERR4450741	gb|BAO79518.1|ARO:3003207|FosK	225
ERR4450741	gb|AAC73565.1|ARO:3004043|Ecol_acrA	224
ERR4450741	gb|ADV91011.1|ARO:3000245|RbpA	223
ERR4450741	gb|EGP45230.2|ARO:3004142|OprZ	223
ERR4450741	gb|EHL92831.1|ARO:3004588|Kpne_KpnG	222
ERR4450741	gb|AAM92461.1|ARO:3002680|catB8	221
ERR4450741	gb|AAZ42322.1|ARO:3005098|qacL	219
ERR4450741	gb|AAK37619.1|ARO:3000481|tet(35)	218
ERR4450741	gb|CAC47933.1|ARO:3005166|tet(X1)	217
ERR4450741	gb|AEZ36150.1|ARO:3000448|QepA1	216
ERR4450741	gb|AAG16656.1|ARO:3002705|floR	214
ERR4450741	gb|WP_044403015.1|ARO:3006974|POM-1	214
ERR4450741	gb|AAO38247.1|ARO:3000361|EreA	213
ERR4450741	gb|ASF80997.1|ARO:3005164|dfrA35	211
ERR4450741	gb|QXM27671.1|ARO:3007848|NWM-1	211
ERR4450741	gb|AAK97755.1|ARO:3000167|tet(C)	209
ERR4450741	gb|AAF86642.1|ARO:3002933|vanS_in_vanC_cl	208
ERR4450741	gb|AAR29969.1|ARO:3007121|tet(O/W)	208
ERR4450741	gb|AAG03814.1|ARO:3000377|MexA	206
ERR4450741	gb|CAE53424.1|ARO:3003016|dfrA20	206
ERR4450741	gb|UNN26064.1|ARO:3008522|OXA-1104	205
ERR4450741	gb|AUW34360.1|ARO:3009042|RSD1-1	200
ERR4450741	gb|AAC16242.1|ARO:3005069|rsmA	198
ERR4450741	gb|BAA16547.1|ARO:3000027|emrA	195
ERR4450741	gb|AJP77059.1|ARO:3003670|PEDO-1	194
ERR4450741	gb|AAL14439.1|ARO:3000774|adeA	193
ERR4450741	gb|AAU93796.1|ARO:3000594|ErmR	192
ERR4450741	gb|AAC36915.1|ARO:3000593|ErmQ	191
ERR4450741	gb|ACJ41739.1|ARO:3000780|adeI	191
ERR4450741	gb|CAH14032.1|ARO:3004099|LpeA	190
ERR4450741	gb|QBQ85438.1|ARO:3004719|tet(X3)	189
ERR4450741	gb|AAC76297.1|ARO:3000499|AcrE	187
ERR4450741	gb|CAL64019.1|ARO:3003441|cfrA	187
ERR4450741	gb|ACD35503.1|ARO:3000572|tet(42)	186
ERR4450741	gb|AAR84673.1|ARO:3002936|vanS_in_vanF_cl	183
ERR4450741	gb|BAG33043.1|ARO:3003920|pgpB	182
ERR4450741	gb|AAC05822.1|ARO:3002846|arr-1	181
ERR4450741	gb|WP_213603971.1|ARO:3007374|PJM-1	180
ERR4450741	gb|AAG07595.1|ARO:3000809|OpmD	178
ERR4450741	gb|BAA11236.1|ARO:3000206|emrK	178
ERR4450741	gb|ACF70723.1|ARO:3004103|QepA2	177
ERR4450741	gb|ACH58985.1|ARO:3002485|LRA-2	175
ERR4450741	gb|CDO12042.1|ARO:3005053|ArnT	175
ERR4450741	gb|AAC61671.1|ARO:3002842|vatC	173
ERR4450741	gb|AJP77076.1|ARO:3003715|PEDO-3	173
ERR4450741	gb|BAE83690.1|ARO:3003724|vanW_in_vanI_cl	173
ERR4450741	gb|BAL43359.1|ARO:3003742|mphG	173
ERR4450741	gb|BAE06007.1|ARO:3003698|mexP	169
ERR4450741	gb|QQA64076.1|ARO:3007049|mef(J)	169
ERR4450741	gb|AAM77075.1|ARO:3002695|cmlA5	165
ERR4450741	gb|BAE77781.1|ARO:3000795|mdtE	165
ERR4450741	gb|AAX14803.1|ARO:3000782|adeK	164
ERR4450741	gb|BAE06009.1|ARO:3003700|opmE	164
ERR4450741	gb|AEH26330.1|ARO:3005009|qacE	162
ERR4450741	gb|CAH35803.1|ARO:3002982|amrA	161
ERR4450741	gb|BAB43261.1|ARO:3007013|sdrM	159
ERR4450741	gb|CAE51638.1|ARO:3002641|APH(3')-Ia	159
ERR4450741	gb|WP_149100971.1|ARO:3005351|DfrA39	157
ERR4450741	gb|WP_063865154.1|ARO:3006211|VEB-14	156
ERR4450741	gb|BAA23130.1|ARO:3002493|SRT-1	155
ERR4450741	gb|AKQ05896.1|ARO:3004587|tet(52)	151
ERR4450741	gb|BAD10948.2|ARO:3002563|AAC(6')-Isa	151
ERR4450741	gb|AAA71915.1|ARO:3000173|tet(E)	150
ERR4450741	gb|ABQ47844.1|ARO:3000215|mecR1	149
ERR4450741	gb|AVK94777.1|ARO:3004694|MCR-4.2	149
ERR4450741	gb|AAK38324.1|ARO:3000840|JOHN-1	148
ERR4450741	gb|CCP44758.1|ARO:3000392|Erm(37)	148
ERR4450741	gb|BAE06005.1|ARO:3003704|mexM	145
ERR4450741	gb|AAK99679.1|ARO:3000822|pmrA	144
ERR4450741	gb|CAC41008.1|ARO:3004041|Kpne_acrA	144
ERR4450741	gb|CAD70268.1|ARO:3002704|fexA	143
ERR4450741	gb|BAA14147.1|ARO:3004667|Saur_norA	141
ERR4450741	gb|AAG03547.1|ARO:3003680|TriB	140
ERR4450741	gb|AAB58160.1|ARO:3003009|ceoA	137
ERR4450741	gb|QEE23059.1|ARO:3005060|OXA-837	137
ERR4450741	gb|CAD12227.2|ARO:3000478|tet(33)	136
ERR4450741	gb|BAO01151.1|ARO:3007199|PAM-1	135
ERR4450741	gb|MCD9185600.1|ARO:3008083|CAM-2	135
ERR4450741	gb|WP_007888761.1|ARO:3006869|CSA-1	134
ERR4450741	gb|WP_188331861.1|ARO:3005345|DfrA43_TMP	134
ERR4450741	gb|AKQ05892.1|ARO:3004581|tet(48)	132
ERR4450741	gb|AVX52225.1|ARO:3004516|MCR-8.1	132
ERR4450741	gb|AAC43969.1|ARO:3003037|opcM	131
ERR4450741	gb|CAA39038.1|ARO:3002553|AAC(6')-If	131
ERR4450741	gb|KIX81495.1|ARO:3002813|lmrB	130
ERR4450741	gb|EGP45232.2|ARO:3004143|AxyX	129
ERR4450741	gb|WP_122630825.1|ARO:3006873|EAM-1	129
ERR4450741	gb|AGC51118.1|ARO:3000617|mecA	128
ERR4450741	gb|BFD45354.1|ARO:3009032|PNC-1	128
ERR4450741	gb|AAC09015.1|ARO:3002481|AER-1	127
ERR4450741	gb|AAL19306.1|ARO:3000789|mdsA	127
ERR4450741	gb|ABZ01840.1|ARO:3005043|cmlA9	127
ERR4450741	gb|BAB41874.1|ARO:3000815|mgrA	127
ERR4450741	gb|WMY66391.1|ARO:3007682|MdtQ	127
ERR4450741	gb|CAB13166.1|ARO:3003063|ykkC	126
ERR4450741	gb|CCI79240.1|ARO:3005047|eptB	126
ERR4450741	gb|AAD12753.1|ARO:3000177|tet(J)	124
ERR4450741	gb|WP_001572373.1|ARO:3004684|MCR-9.1	124
ERR4450741	gb|AAN33774.1|ARO:3003772|Bsui_mprF	123
ERR4450741	gb|CEJ95855.1|ARO:3004595|erm(45)	123
ERR4450741	gb|AAD51346.1|ARO:3003053|smeC	121
ERR4450741	gb|BAB35162.1|ARO:3000676|H-NS	120
ERR4450741	gb|AAC78336.1|ARO:3002826|EreA2	119
ERR4450741	gb|WPF67354.1|ARO:3007838|tet(65)	119
ERR4450741	gb|WP_122630831.1|ARO:3006864|CRD3-1	118
ERR4450741	gb|QWJ89341.1|ARO:3008078|B3SU1-1	114
ERR4450741	gb|BAE15963.1|ARO:3002868|dfrG	113
ERR4450741	gb|WP_002289367.1|ARO:3007011|mdeA	113
ERR4450741	gb|AAP74657.1|ARO:3000600|Erm(34)	112
ERR4450741	gb|ALA99191.1|ARO:3001462|OXA-157	112
ERR4450741	gb|AAD22144.1|ARO:3002698|cmlB	111
ERR4450741	gb|MDY6481403.1|ARO:3008672|OXA-1262	110
ERR4450741	gb|AAD12162.1|ARO:3001299|Sfra_tlrB_TYL	109
ERR4450741	gb|AAQ10694.1|ARO:3003047|qacB	107
ERR4450741	gb|WGF22896.1|ARO:3007648|PSZ-1	105
ERR4450741	gb|AAM09852.1|ARO:3003070|vanX_in_vanD_cl	104
ERR4450741	gb|AAP69915.1|ARO:3003103|cphA7	103
ERR4450741	gb|AHV80711.1|ARO:3002863|dfrA8	103
ERR4450741	gb|WP_122630823.1|ARO:3006886|EVM-1	103
ERR4450741	gb|WVW91709.1|ARO:3008822|PAM-5	103
ERR4450741	gb|AAA98298.1|ARO:3002545|AAC(6')-Ia	101
ERR4450741	gb|AAK64581.1|ARO:3004568|dfrA18	101
ERR4450741	gb|AKO71461.1|ARO:3004608|EreD	101
ERR4450741	gb|CAC80727.1|ARO:3000476|tet(31)	101
ERR4450741	gb|AAB36568.1|ARO:3002700|cmlv	100
ERR4450741	gb|AAA90937.1|ARO:3004635|AAC(6')-Il	99
ERR4450741	gb|WP_050815728.1|ARO:3004543|mphO	99
ERR4450741	gb|AAC36944.1|ARO:3003006|blt	96
ERR4450741	gb|AAA27459.1|ARO:3004683|aadS	95
ERR4450741	gb|CDL68900.1|ARO:3002143|DHA-12	95
ERR4450741	gb|WP_081853183.1|ARO:3006885|ELM-1	95
ERR4450741	gb|ACL13298.1|ARO:3003110|catB10	94
ERR4450741	gb|AAL68645.1|ARO:3002681|catB9	93
ERR4450741	gb|AWN09461.1|ARO:3004571|PNGM-1	93
ERR4450741	gb|ACJ59254.1|ARO:3000768|abeS	91
ERR4450741	gb|AAD44693.1|ARO:3000816|mtrA	89
ERR4450741	gb|CAA77936.1|ARO:3004039|Ecol_emrE	89
ERR4450741	gb|CAB60001.1|ARO:3000326|ErmE	89
ERR4450741	gb|CAC8536249.1|ARO:3007456|dfrL	89
ERR4450741	gb|AND91341.1|ARO:3000856|BJP-1	88
ERR4450741	gb|GAP12525.1|ARO:3008507|OXA-1089	88
ERR4450741	gb|AGP27106.1|ARO:3007010|norC	87
ERR4450741	gb|AAK99775.1|ARO:3000614|mef(E)	85
ERR4450741	gb|ACX92987.1|ARO:3002845|vatH	85
ERR4450741	gb|BAA34299.1|ARO:3003034|mexX	85
ERR4450741	gb|AAS13767.1|ARO:3003839|Mrx	84
ERR4450741	gb|AAW38464.1|ARO:3004572|Saur_LmrS	84
ERR4450741	gb|AQX36338.1|ARO:3004379|QepA4	84
ERR4450741	gb|WP_099337823.1|ARO:3005792|OXA-568	84
ERR4450741	gb|APB03220.1|ARO:3003987|VatI	83
ERR4450741	gb|EIM09515.1|ARO:3004747|BAT-1	83
ERR4450741	gb|CAJ32491.1|ARO:3002622|aadA6/aadA10	81
ERR4450741	gb|WFP96649.1|ARO:3008668|OXA-1258	81
ERR4450741	gb|AAP15294.1|ARO:3002675|catB2	80
ERR4450741	gb|AUW34363.1|ARO:3009041|RSC1-1	80
ERR4450741	gb|AEA07977.1|ARO:3004641|AAC(6')-I-43	79
ERR4450741	gb|AJP77071.1|ARO:3003714|PEDO-2	79
ERR4450741	gb|CAQ53840.1|ARO:3000853|AIM-1	79
ERR4450741	gb|EGE18576.1|ARO:3004466|ICR-Mc	78
ERR4450741	gb|AAC32026.1|ARO:3002823|ErmH	77
ERR4450741	gb|BAE78082.1|ARO:3003550|mdtP	77
ERR4450741	gb|EOD99669.1|ARO:3002875|dfrE	76
ERR4450741	gb|WP_060874262.1|ARO:3006952|MOC-1	76
ERR4450741	gb|AAA23018.1|ARO:3004454|Ccol_ACT_CHL	75
ERR4450741	gb|BAC67143.1|ARO:3000166|tet(B)	75
ERR4450741	gb|WP_081048762.1|ARO:3006954|MYO-1	73
ERR4450741	gb|WHL54874.1|ARO:3007694|AMZ-1	72
ERR4450741	gb|CAA42594.1|ARO:3002690|Sliv_cmlR	71
ERR4450741	gb|QXM27670.1|ARO:3007438|LAQ-1	71
ERR4450741	gb|AAA26779.1|ARO:3004652|Erm(O)-lrm	70
ERR4450741	gb|AAB05624.1|ARO:3002956|vanY_in_vanB_cl	70
ERR4450741	gb|ACQ82810.1|ARO:3002502|PDC-5	70
ERR4450741	gb|CAQ79275.1|ARO:3004668|QnrAS	69
ERR4450741	gb|WP_102607462.1|ARO:3005324|OXA-570	69
ERR4450741	gb|AAC69328.1|ARO:3001265|Erm(30)	68
ERR4450741	gb|AAG03380.1|ARO:3002703|cmx	68
ERR4450741	gb|AAS79458.1|ARO:3001302|chrB	68
ERR4450741	gb|ANK04027.1|ARO:3003838|gadW	68
ERR4450741	gb|WP_150378267.1|ARO:3005057|tet(X5)	68
ERR4450741	gb|AAC75731.1|ARO:3000516|emrR	67
ERR4450741	gb|AAF94716.1|ARO:3004289|Vcho_varG	67
ERR4450741	gb|AVZ47168.1|ARO:3004693|MCR-3.12	67
ERR4450741	gb|CAA27061.1|ARO:3002648|APH(3')-IVa	67
ERR4450741	gb|CAI29521.1|ARO:3004640|dfrA15b	67
ERR4450741	gb|BAC11911.1|ARO:3003551|emeA	66
ERR4450741	gb|CAA64891.1|ARO:3000812|mtrE	66
ERR4450741	gb|OPG86592.1|ARO:3004626|Erm(49)	66
ERR4450741	gb|WP_059345125.1|ARO:3005674|GOB-25	66
ERR4450741	gb|AAD12233.1|ARO:3001417|OXA-22	65
ERR4450741	gb|QBQ03043.1|ARO:3005159|OXA-818	65
ERR4450741	gb|WP_122630832.1|ARO:3006893|ALG6-1	65
ERR4450741	gb|AAA83417.1|ARO:3001407|OXA-12	64
ERR4450741	gb|AEV23046.1|ARO:3007019|fexB	64
ERR4450741	gb|AFQ93498.1|ARO:3002676|catB3	64
ERR4450741	gb|WP_041881964.1|ARO:3006942|LUS-1	64
ERR4450741	gb|AFK80745.1|ARO:3002350|GES-21	63
ERR4450741	gb|CAA40146.1|ARO:3002997|LCR-1	63
ERR4450741	gb|CAC33832.1|ARO:3000851|THIN-B	63
ERR4450741	gb|QAT79363.1|ARO:3007855|CHM-1	63
ERR4450741	gb|WP_122630822.1|ARO:3006884|EFM-1	63
ERR4450741	gb|AAA22277.1|ARO:3003007|bmr	62
ERR4450741	gb|AJD73064.1|ARO:3001301|RlmA(II)	62
ERR4450741	gb|BAA03674.1|ARO:3001300|myrA	62
ERR4450741	gb|CAA41211.1|ARO:3001400|OXA-5	62
ERR4450741	gb|WP_010896559.1|ARO:3004643|Erm(K)	62
ERR4450741	gb|AAF27727.1|ARO:3002602|aadA2	60
ERR4450741	gb|AAP69912.1|ARO:3003100|cphA4	60
ERR4450741	gb|ABB89122.1|ARO:3002861|dfrA5	60
ERR4450741	gb|ADZ54048.1|ARO:3001766|OXA-192	60
ERR4450741	gb|AAG04518.1|ARO:3000149|FosA	59
ERR4450741	gb|ABQ37031.1|ARO:3008509|OXA-1091	59
ERR4450741	gb|AID93387.1|ARO:3004660|catB11	59
ERR4450741	gb|BAG75524.1|ARO:3003954|efmA	59
ERR4450741	gb|AAA85213.1|ARO:3002866|dfrD	58
ERR4450741	gb|AAP74961.2|ARO:3002854|dfrA1	58
ERR4450741	gb|CAA09666.1|ARO:3004122|Kpne_OmpK37	58
ERR4450741	gb|WGG63489.1|ARO:3007654|erm(56)	58
ERR4450741	gb|WP_082741435.1|ARO:3004569|ICR-Mo	58
ERR4450741	gb|ACD56151.1|ARO:3002848|arr-3	57
ERR4450741	gb|ACZ52983.1|ARO:3004555|dfrA32	57
ERR4450741	gb|AKQ05898.1|ARO:3004590|tet(54)	57
ERR4450741	gb|UKB65296.1|ARO:3007916|ACT-150	57
ERR4450741	gb|UZX27393.1|ARO:3008081|BMHC-1	57
ERR4450741	gb|WP_122630824.1|ARO:3006882|ECM-1	57
ERR4450741	gb|ANZ79476.1|ARO:3003908|Erm(47)	56
ERR4450741	gb|AFH35853.1|ARO:3001328|Ecol_mdfA	55
ERR4450741	gb|BAD11815.1|ARO:3002593|AAC(6')-Ib-SK	55
ERR4450741	gb|ACH58988.1|ARO:3002487|LRA-8	54
ERR4450741	gb|CAC41371.2|ARO:3007119|tet(O/32/O)	54
ERR4450741	gb|AAF04458.1|ARO:3000850|GOB-1	53
ERR4450741	gb|AAL73129.1|ARO:3000616|mel	52
ERR4450741	gb|ABW05394.1|ARO:3004450|TRU-1	52
ERR4450741	gb|AKQ05894.1|ARO:3004584|tet(50)	52
ERR4450741	gb|BAN78519.1|ARO:3004638|AAC(6')-I-48	52
ERR4450741	gb|CAA40897.1|ARO:3004548|dfrA9	52
ERR4450741	gb|CBL80435.1|ARO:3002869|dfrK	52
ERR4450741	gb|WP_040068451.1|ARO:3006099|OXA-912	52
ERR4450741	gb|AIK02012.1|ARO:3002579|AAC(6')-Ib8	51
ERR4450741	gb|AJP77080.1|ARO:3003720|SPG-1	51
ERR4450741	gb|CAE18141.1|ARO:3003111|lsaB	51
ERR4450741	gb|QWJ89342.1|ARO:3008079|B3SU2-1	51
ERR4450741	gb|AAA26742.1|ARO:3001304|ErmS	49
ERR4450741	gb|ABK33456.1|ARO:3002639|APH(3'')-Ib	49
ERR4450741	gb|ACH58997.1|ARO:3002492|LRA-18	49
ERR4450741	gb|AJO67548.1|ARO:3005006|tet(57)	49
ERR4450741	gb|QQM99828.1|ARO:3007041|Erm(52)	49
ERR4450741	gb|UTS94217.1|ARO:3007988|ADC-272	49
ERR4450741	gb|WP_122630829.1|ARO:3006872|DHT2-1	49
ERR4450741	gb|AAD03493.1|ARO:3002565|AAC(6')-Iu	48
ERR4450741	gb|AIT76106.1|ARO:3002146|DHA-15	48
ERR4450741	gb|ATM29809.1|ARO:3004688|MCR-1.11	48
ERR4450741	gb|BAO79432.1|ARO:3000785|cmeC	48
ERR4450741	gb|AAA22597.1|ARO:3000495|ErmD	47
ERR4450741	gb|ABS43901.1|ARO:3000783|cmeA	47
ERR4450741	gb|ACM47284.1|ARO:3002934|vanS_in_vanD_cl	47
ERR4450741	gb|CAA90683.1|ARO:3003012|dfrA13	47
ERR4450741	gb|WP_015266427.1|ARO:3006883|ECV-1	47
ERR4450741	gb|WP_122630834.1|ARO:3006926|GRD33-1	47
ERR4450741	gb|ABV26705.1|ARO:3002849|arr-4	46
ERR4450741	gb|ACH58994.1|ARO:3002512|LRA-17	46
ERR4450741	gb|AJP77085.1|ARO:3003717|ESP-1	46
ERR4450741	gb|CAA24743.1|ARO:3002655|APH(4)-Ia	46
ERR4450741	gb|CAB51471.1|ARO:3004359|ACI-1	46
ERR4450741	gb|SBZ31568.1|ARO:3004691|MCR-3.4	46
ERR4450741	gb|UBX54502.1|ARO:3009065|SRT-4	46
ERR4450741	gb|AAF74725.1|ARO:3004659|Mef(En2)	45
ERR4450741	gb|AAW82618.1|ARO:3004808|GOB-16	45
ERR4450741	gb|BAH63252.1|ARO:3004583|Kpne_KpnF	45
ERR4450741	gb|WP_041884311.1|ARO:3006972|PLN-1	45
ERR4450741	gb|WP_122630833.1|ARO:3006892|ALG11-1	45
ERR4450741	gb|AAS07017.3|ARO:3002494|SRT-2	44
ERR4450741	gb|CAA54602.1|ARO:3002155|FOX-1	44
ERR4450741	gb|CAA66307.2|ARO:3000592|ErmN	44
ERR4450741	gb|CAA91010.1|ARO:3002559|AAC(6')-Ip	44
ERR4450741	gb|ENV32314.1|ARO:3001763|OXA-308	44
ERR4450741	gb|AAF86219.1|ARO:3000375|ErmB	43
ERR4450741	gb|AIG22447.1|ARO:3002191|MOX-9	43
ERR4450741	gb|BAE77778.1|ARO:3000508|gadX	43
ERR4450741	gb|BAO21229.1|ARO:3003199|AAC(6')-Iak	43
ERR4450741	gb|WP_087093762.1|ARO:3005677|GOB-28	43
ERR4450741	gb|AAC41391.1|ARO:3002555|AAC(6')-Ih	42
ERR4450741	gb|AAF86697.1|ARO:3001817|ACC-3	42
ERR4450741	gb|ACL82962.1|ARO:3002953|vanX_in_vanM_cl	42
ERR4450741	gb|AAC77293.1|ARO:3001214|mdtM	41
ERR4450741	gb|ADX95999.1|ARO:3002873|FosB3	41
ERR4450741	gb|WP_123865086.1|ARO:3007840|CIM-1	41
ERR4450741	gb|AAR29485.1|ARO:3007120|tet(O/M/O)	40
ERR4450741	gb|ACH59005.1|ARO:3002513|LRA-19	40
ERR4450741	gb|ALX99516.1|ARO:3003811|adeC	40
ERR4450741	gb|CAF31623.1|ARO:3005354|dfr22	40
ERR4450741	gb|QIB98918.1|ARO:3005012|IDC-1	40
ERR4450741	gb|UQO45168.1|ARO:3009013|PEN-A34	40
ERR4450741	gb|WP_063865207.1|ARO:3006921|CfiA9	40
ERR4450741	gb|AFK08538.1|ARO:3002084|CMY-71	38
ERR4450741	gb|AHB39758.1|ARO:3003013|dfrA15	38
ERR4450741	gb|AHM76779.1|ARO:3001840|ACT-19	38
ERR4450741	gb|WFS34552.1|ARO:3007801|RATA-1	38
ERR4450741	gb|WP_034848068.1|ARO:3005527|BlaB-14	38
ERR4450741	gb|AAA26683.1|ARO:3002840|vatA	37
ERR4450741	gb|AAB53445.1|ARO:3002897|SAT-4	37
ERR4450741	gb|ABA70720.1|ARO:3005035|YRC-1	37
ERR4450741	gb|ASK49942.1|ARO:3004501|MCR-6.1	37
ERR4450741	gb|BAA03402.1|ARO:3001306|ErmW	37
ERR4450741	gb|NP_249397.1|ARO:3002679|Paer_catB7	37
ERR4450741	gb|WCI13726.1|ARO:3007539|APH(9)-Ic	37
ERR4450741	gb|WP_078797000.1|ARO:3005682|GOB-33	37
ERR4450741	gb|AAC69327.1|ARO:3000598|Erm(31)	36
ERR4450741	gb|AAD01868.1|ARO:3002867|dfrF	36
ERR4450741	gb|AAL75563.1|ARO:3000168|tet(D)	36
ERR4450741	gb|AAQ08905.1|ARO:3001808|OXA-60	36
ERR4450741	gb|AAS48620.1|ARO:3002372|VEB-3	36
ERR4450741	gb|CAX52582.1|ARO:3003324|Bsub_mprF	36
ERR4450741	gb|WP_122630830.1|ARO:3006995|SPN79-1	36
ERR4450741	gb|AAC23556.1|ARO:3002660|APH(6)-Id	35
ERR4450741	gb|AAC45805.1|ARO:3002702|cmrA	35
ERR4450741	gb|AAV32840.1|ARO:3002611|aadA11	35
ERR4450741	gb|AKQ05893.1|ARO:3004582|tet(49)	35
ERR4450741	gb|ARB93503.1|ARO:3004603|tet(56)	35
ERR4450741	gb|CAL30186.1|ARO:3002699|cmlB1	35
ERR4450741	gb|CBL58181.1|ARO:3003918|apmA	35
ERR4450741	gb|WP_063864599.1|ARO:3006973|PME-1	35
ERR4450741	gb|WP_242934127.1|ARO:3007274|MCR-10.5	35
ERR4450741	gb|AAB51440.1|ARO:3002824|ErmV	34
ERR4450741	gb|AAK84316.1|ARO:3002843|vatD	34
ERR4450741	gb|AGU01679.2|ARO:3003894|Rm3	34
ERR4450741	gb|APB03217.1|ARO:3003983|CatU	34
ERR4450741	gb|WP_013992183.1|ARO:3007006|ZOG-1	34
ERR4450741	gb|AAA65957.1|ARO:3002949|vanX_in_vanA_cl	33
ERR4450741	gb|ACU86041.1|ARO:3004539|mphH	33
ERR4450741	gb|ADI55014.1|ARO:3002801|QnrVC4	33
ERR4450741	gb|APL95059.1|ARO:3007846|SIE-1	33
ERR4450741	gb|AAA25655.1|ARO:3004657|catA4	32
ERR4450741	gb|AAF86691.1|ARO:3001816|ACC-2	32
ERR4450741	gb|AML99881.1|ARO:3001327|MdtK	32
ERR4450741	gb|CAA11706.1|ARO:3001303|ErmO-srmA	32
ERR4450741	gb|AAA65958.1|ARO:3002955|vanY_in_vanA_cl	31
ERR4450741	gb|AAB60941.1|ARO:3005099|Spyo_ErmA_MLSb	31
ERR4450741	gb|ACE63186.1|ARO:3001702|OXA-133	31
ERR4450741	gb|ACH58998.1|ARO:3002486|LRA-7	31
ERR4450741	gb|AHH86051.1|ARO:3004063|EdeQ	31
ERR4450741	gb|AMP42492.1|ARO:3004441|tet(59)	31
ERR4450741	gb|CBY77552.1|ARO:3003106|Erm(42)	31
ERR4450741	gb|WP_085562405.1|ARO:3001862|IMI-5	31
ERR4450741	gb|ADR80609.1|ARO:3001169|SHV-122	30
ERR4450741	gb|CAA56561.1|ARO:3003553|CepS	30
ERR4450741	gb|CAB75346.1|ARO:3000582|L1_BLA	30
ERR4450741	gb|UOY66714.1|ARO:3007919|ACT-154	30
ERR4450741	gb|AAL68827.1|ARO:3000605|Erm(36)	29
ERR4450741	gb|ACC54440.2|ARO:3002799|QnrVC1	29
ERR4450741	gb|APB03225.1|ARO:3003990|vgbC	29
ERR4450741	gb|BAL14456.1|ARO:3000854|SMB-1	29
ERR4450741	gb|WP_204376227.1|ARO:3006889|GMB-1	29
ERR4450741	gb|AAG29765.2|ARO:3002260|IND-4	28
ERR4450741	gb|ABA81355.1|ARO:3004291|Rsph_ampC_BLA	28
ERR4450741	gb|ABV63006.2|ARO:3004759|BPU-1	28
ERR4450741	gb|ACH58991.1|ARO:3002484|LRA-13	28
ERR4450741	gb|AJP77054.1|ARO:3003716|CPS-1	28
ERR4450741	gb|ATL63232.1|ARO:3004544|mphJ	28
ERR4450741	gb|CAA11707.1|ARO:3000463|gimA	28
ERR4450741	gb|CAG27800.1|ARO:3003203|TLA-2	28
ERR4450741	gb|CAH10847.1|ARO:3002620|aadA23	28
ERR4450741	gb|WP_012145975.1|ARO:3006996|SPR-1	28
ERR4450741	gb|WP_105620838.1|ARO:3006923|CMA-2	28
ERR4450741	gb|AAA22289.1|ARO:3002672|Bpum_cat86	27
ERR4450741	gb|AAC77110.1|ARO:3004290|Ecol_ampC_BLA	27
ERR4450741	gb|AAF27726.1|ARO:3002694|cmlA4	27
ERR4450741	gb|ABF33001.1|ARO:3003969|lmrP	27
ERR4450741	gb|AEM66528.1|ARO:3001809|OXA-209	27
ERR4450741	gb|ASK49941.1|ARO:3004502|MCR-2.2	27
ERR4450741	gb|BAA34540.1|ARO:3000319|mphC	27
ERR4450741	gb|BAD12078.1|ARO:3002572|AAC(6')-Iad	27
ERR4450741	gb|CAA25854.1|ARO:3002659|APH(6)-Ic	27
ERR4450741	gb|CAA71947.1|ARO:3002157|FOX-3	27
ERR4450741	gb|CBI71171.1|ARO:3007442|SSA	27
ERR4450741	gb|CZT31773.1|ARO:3004094|Erm(48)	27
ERR4450741	gb|AXF93714.1|ARO:3007282|MCR-5.3	26
ERR4450741	gb|BAM46120.1|ARO:3003677|AAC(6')-Iaj	26
ERR4450741	gb|QWY17602.1|ARO:3009035|RAA-1	26
ERR4450741	gb|QXW20276.1|ARO:3007635|CAE-1	26
ERR4450741	gb|UPP01678.1|ARO:3007435|WUS-1	26
ERR4450741	gb|WP_015740450.1|ARO:3007015|qacG	26
ERR4450741	gb|WP_087587944.1|ARO:3005777|OXA-553	26
ERR4450741	gb|AAA98484.1|ARO:3000596|ErmX	25
ERR4450741	gb|AAL02176.1|ARO:3004669|emtA	25
ERR4450741	gb|AAN17791.1|ARO:3004294|BUT-1	25
ERR4450741	gb|ABA71726.1|ARO:3004253|vanU_in_vanG_cl	25
ERR4450741	gb|CAC87665.1|ARO:3000855|CAU-1	25
ERR4450741	gb|MBO4158890.1|ARO:3007275|MCR-10.3	25
ERR4450741	gb|QQP64032.1|ARO:3008726|OXA-944	25
ERR4450741	gb|ABA42118.2|ARO:3000866|oleI	24
ERR4450741	gb|AHA41501.1|ARO:3002954|vanX_in_vanO_cl	24
ERR4450741	gb|CAE00499.1|ARO:3003835|cdeA	24
ERR4450741	gb|WP_086980232.1|ARO:3005529|BlaB-16	24
ERR4450741	gb|AAD03490.1|ARO:3002561|AAC(6')-Ir	23
ERR4450741	gb|AAD52985.1|ARO:3002570|AAC(6')-Iz	23
ERR4450741	gb|AFN88953.1|ARO:3002304|VIM-34	23
ERR4450741	gb|APM84516.1|ARO:3005150|PAC-1	23
ERR4450741	gb|BAA15221.2|ARO:3000263|marA	23
ERR4450741	gb|BAA78619.1|ARO:3002544|AAC(3)-Xa	23
ERR4450741	gb|BAM76830.1|ARO:3002993|AQU-1	23
ERR4450741	gb|QUF57747.1|ARO:3009046|SFDC-1	23
ERR4450741	gb|RTB44598.1|ARO:3007368|FosG	23
ERR4450741	gb|UNN26045.1|ARO:3007890|ACT-107	23
ERR4450741	gb|WP_078772815.1|ARO:3005540|BlaB-27	23
ERR4450741	gb|AAA92037.1|ARO:3007075|cph	22
ERR4450741	gb|AAB05628.1|ARO:3002950|vanX_in_vanB_cl	22
ERR4450741	gb|AAG08375.1|ARO:3004038|Paer_emrE	22
ERR4450741	gb|AAT68579.1|ARO:3004804|GOB-12	22
ERR4450741	gb|ABX30738.1|ARO:3000621|PC1_blaZ	22
ERR4450741	gb|ADT70779.1|ARO:3001805|OXA-198	22
ERR4450741	gb|BAH63251.1|ARO:3004580|Kpne_KpnE	22
ERR4450741	gb|BAP34782.1|ARO:3002008|CTX-M-151	22
ERR4450741	gb|DAC85640.1|ARO:3007098|FosM2	22
ERR4450741	gb|ENX09209.1|ARO:3001752|OXA-297	22
ERR4450741	gb|QWJ89340.1|ARO:3008074|ASU1-1	22
ERR4450741	gb|WP_063860263.1|ARO:3006879|EC-19	22
ERR4450741	gb|AAA87229.1|ARO:3002558|AAC(6')-Ik	21
ERR4450741	gb|ATQ63376.1|ARO:3004504|MCR-3.10	21
ERR4450741	gb|CAE32545.1|ARO:3008082|BOR-1	21
ERR4450741	gb|CAE50925.1|ARO:3002589|AAC(6')-Iid	21
ERR4450741	gb|CCQ22388.1|ARO:3000421|norB	21
ERR4450741	gb|QWJ89343.1|ARO:3008734|OXA-957	21
ERR4450741	gb|WP_020924773.1|ARO:3006897|AXC-1	21
ERR4450741	gb|WP_081666691.1|ARO:3006935|LHK-1	21
ERR4450741	gb|WP_109545072.1|ARO:3005333|OXA-641	21
ERR4450741	gb|WP_148044470.1|ARO:3006965|PFM-1	21
ERR4450741	gb|AAB97924.1|ARO:3001411|OXA-16	20
ERR4450741	gb|AAN32638.1|ARO:3000842|EBR-1	20
ERR4450741	gb|AAN63648.1|ARO:3000844|TUS-1	20
ERR4450741	gb|ADG84870.1|ARO:3002858|dfrA12	20
ERR4450741	gb|CAA11473.1|ARO:3002678|Paer_catB6	20
ERR4450741	gb|CAA78046.1|ARO:3002701|Rfas_cmr	20
ERR4450741	gb|CAC86410.1|ARO:3000599|Erm(33)	20
ERR4450741	gb|CAJ32504.1|ARO:3002606|aadA6	20
ERR4450741	gb|UWS41116.1|ARO:3007483|RAD-1	20
ERR4450741	gb|WEY36198.1|ARO:3007901|ACT-119	20
ERR4450741	gb|WP_063964000.1|ARO:3004102|kamB	20
ERR4450741	gb|AAA88422.1|ARO:3002530|AAC(3)-Ib	19
ERR4450741	gb|AAC72341.1|ARO:3000182|tet(Y)	19
ERR4450741	gb|ABA42119.2|ARO:3000865|oleD	19
ERR4450741	gb|ABG86067.1|ARO:3003773|Cper_mprF	19
ERR4450741	gb|ACH58987.1|ARO:3002510|LRA-3	19
ERR4450741	gb|AKQ05895.1|ARO:3004586|tet(51)	19
ERR4450741	gb|APB03218.1|ARO:3003984|BahA	19
ERR4450741	gb|BAC20579.1|ARO:3000859|rmtA	19
ERR4450741	gb|CAQ53849.2|ARO:3004552|dfrA30	19
ERR4450741	gb|QIF88262.1|ARO:3007229|MCR-8.2	19
ERR4450741	gb|WP_063860521.1|ARO:3006888|GIL-1	19
ERR4450741	gb|WP_101150415.1|ARO:3005931|OXA-726	19
ERR4450741	gb|WP_109545042.1|ARO:3006963|ORR-1	19
ERR4450741	gb|WP_136512069.1|ARO:3002237|IMP-46	19
ERR4450741	gb|AAF89152.1|ARO:3004809|GOB-2	18
ERR4450741	gb|AAG44836.1|ARO:3004740|AST-1	18
ERR4450741	gb|AAP69913.1|ARO:3003101|cphA5	18
ERR4450741	gb|ABY64751.1|ARO:3002667|rmtD	18
ERR4450741	gb|ACH59002.1|ARO:3002483|LRA-5	18
ERR4450741	gb|AET35493.1|ARO:3001777|OXA-347	18
ERR4450741	gb|ARO85965.1|ARO:3003115|OXA-427	18
ERR4450741	gb|BCL63355.1|ARO:3007206|KBL-1	18
ERR4450741	gb|CAL34518.1|ARO:3000526|cmeR	18
ERR4450741	gb|GJN52392.1|ARO:3007200|PAM-2	18
ERR4450741	gb|QHR93773.1|ARO:3005024|FosL1	18
ERR4450741	gb|WP_003235647.1|ARO:3006902|BSU-1	18
ERR4450741	gb|WP_064483995.1|ARO:3006507|PDC-130	18
ERR4450741	gb|AAC09012.1|ARO:3002243|CARB-4	17
ERR4450741	gb|AAT68576.1|ARO:3004816|GOB-9	17
ERR4450741	gb|AAT90847.1|ARO:3003557|SFB-1	17
ERR4450741	gb|ABU39979.1|ARO:3000217|blaR1	17
ERR4450741	gb|ADI87853.1|ARO:3004666|pexA	17
ERR4450741	gb|AEM62948.1|ARO:3003196|tet(45)	17
ERR4450741	gb|AGC29882.1|ARO:3002853|arr-8	17
ERR4450741	gb|BAA03776.1|ARO:3000316|mphA	17
ERR4450741	gb|CAD55144.1|ARO:3007014|qacJ	17
ERR4450741	gb|CCF55073.1|ARO:3003205|Erm(43)	17
ERR4450741	gb|CCP44842.1|ARO:3007182|blaC	17
ERR4450741	gb|QIB98910.1|ARO:3005013|IDC-2	17
ERR4450741	gb|WP_011497575.1|ARO:3006994|SHN-1	17
ERR4450741	gb|WP_011550565.1|ARO:3006955|MYX-1	17
ERR4450741	gb|AAA21889.1|ARO:3002554|AAC(6')-Ig	16
ERR4450741	gb|AAB05625.1|ARO:3002964|vanW_in_vanB_cl	16
ERR4450741	gb|AAF94731.1|ARO:3004364|almG	16
ERR4450741	gb|AAK60186.1|ARO:3003014|dfrA16	16
ERR4450741	gb|AAM63403.1|ARO:3003093|cphA3	16
ERR4450741	gb|AAP43642.1|ARO:3002588|AAC(6')-I30	16
ERR4450741	gb|AAU95768.1|ARO:3000026|mepA	16
ERR4450741	gb|ABG48543.1|ARO:3005052|LpsA	16
ERR4450741	gb|ADA63498.1|ARO:3004678|rmtE	16
ERR4450741	gb|AFK13828.1|ARO:3000823|ramA	16
ERR4450741	gb|AGE45503.1|ARO:3002162|FOX-10	16
ERR4450741	gb|ANY85569.1|ARO:3007859|BIM-1	16
ERR4450741	gb|CAC04522.1|ARO:3002514|OCH-1	16
ERR4450741	gb|CAE48334.1|ARO:3002207|IMP-16	16
ERR4450741	gb|WP_063865146.1|ARO:3007007|TER-2	16
ERR4450741	gb|WP_140423306.1|ARO:3005528|BlaB-15	16
ERR4450741	gb|AAC64366.1|ARO:3002847|arr-2	15
ERR4450741	gb|AAR92235.1|ARO:3000602|Erm(39)	15
ERR4450741	gb|ABU55430.1|ARO:3002591|AAC_6_IB_Su	15
ERR4450741	gb|ACC85616.1|ARO:3002804|FosA2	15
ERR4450741	gb|ACH58990.1|ARO:3002511|LRA-12	15
ERR4450741	gb|AEL00451.1|ARO:3002748|QnrB33	15
ERR4450741	gb|AYD68552.1|ARO:3005018|LMB-1	15
ERR4450741	gb|CAC35728.1|ARO:3001424|OXA-29	15
ERR4450741	gb|CAL25116.3|ARO:3003854|ADC-8	15
ERR4450741	gb|EJN1410585.1|ARO:3008649|OXA-1239	15
ERR4450741	gb|RSZ28318.1|ARO:3008607|OXA-1191	15
ERR4450741	gb|WMQ57530.1|ARO:3008618|OXA-1206	15
ERR4450741	gb|WP_004874166.1|ARO:3007005|YEM-1	15
ERR4450741	gb|WP_041449074.1|ARO:3006896|ANA-1	15
ERR4450741	gb|WP_077248207.1|ARO:3006555|PDC-176	15
ERR4450741	gb|AAA26549.1|ARO:3002549|AAC(6')-Ic	14
ERR4450741	gb|AAB66655.1|ARO:3002663|APH(9)-Ib	14
ERR4450741	gb|AAK14791.1|ARO:3004239|NPS-1	14
ERR4450741	gb|AAR20596.1|ARO:3004189|Bla2	14
ERR4450741	gb|AGH88989.1|ARO:3001205|BRP(MBL)	14
ERR4450741	gb|BAB72158.1|ARO:3002020|CMY-9	14
ERR4450741	gb|BAQ55594.1|ARO:3003600|OXA-444	14
ERR4450741	gb|CAD12765.1|ARO:3002203|IMP-12	14
ERR4450741	gb|QTE33800.1|ARO:3007069|FosY	14
ERR4450741	gb|UKC75978.1|ARO:3008474|OXA-1056	14
ERR4450741	gb|UNN26062.1|ARO:3008520|OXA-1102	14
ERR4450741	gb|WDE35083.1|ARO:3008007|ADC-291	14
ERR4450741	gb|WP_007688792.1|ARO:3006989|SGM-3	14
ERR4450741	gb|WP_104009843.1|ARO:3006625|PDC-247	14
ERR4450741	gb|WP_111273846.1|ARO:3007278|MCR-3.17	14
ERR4450741	gb|WP_223106954.1|ARO:3007533|MCR-4.7	14
ERR4450741	gb|AAA21532.1|ARO:3003559|cepA	13
ERR4450741	gb|AAG15269.1|ARO:3002528|AAC(3)-Ia	13
ERR4450741	gb|ACH58999.1|ARO:3002489|LRA-10	13
ERR4450741	gb|AGY30828.1|ARO:3003018|dfrA22	13
ERR4450741	gb|AHK10285.1|ARO:3002859|dfrA14	13
ERR4450741	gb|AKQ05891.1|ARO:3004613|tet(47)	13
ERR4450741	gb|BAR45714.1|ARO:3003610|OXA-454	13
ERR4450741	gb|CAA53242.1|ARO:3001402|OXA-7	13
ERR4450741	gb|CAD31707.1|ARO:3002691|Sent_cmlA	13
ERR4450741	gb|CAD69003.1|ARO:3003094|imiH	13
ERR4450741	gb|CAM12479.1|ARO:3000567|tet(40)	13
ERR4450741	gb|WP_040117106.1|ARO:3006237|ACT-42	13
ERR4450741	gb|WP_063857824.1|ARO:3005525|BlaB-12	13
ERR4450741	gb|WP_096807445.1|ARO:3006473|FOX-15	13
ERR4450741	gb|WP_111672889.1|ARO:3006671|PDC-300	13
ERR4450741	gb|AAA25680.1|ARO:3002595|AAC(6')-IIb	12
ERR4450741	gb|AAA26699.1|ARO:3002649|APH(3')-Va	12
ERR4450741	gb|AAG07592.1|ARO:3000806|MexG	12
ERR4450741	gb|AAG33665.1|ARO:3001431|OXA-37	12
ERR4450741	gb|AAL27443.1|ARO:3002967|vanXY_in_vanE	12
ERR4450741	gb|AAN85115.1|ARO:3004642|dfrA3b	12
ERR4450741	gb|AAP97129.1|ARO:3003104|cphA8	12
ERR4450741	gb|AAU89132.1|ARO:3002365|PER-3	12
ERR4450741	gb|ABV89601.1|ARO:3004826|LAP-2	12
ERR4450741	gb|ACK75961.1|ARO:3002787|QnrC	12
ERR4450741	gb|BAL40892.1|ARO:3004768|CIA-1	12
ERR4450741	gb|BDR24829.1|ARO:3008192|GIM-3	12
ERR4450741	gb|CAA44667.1|ARO:3001305|ErmU	12
ERR4450741	gb|CAB89086.1|ARO:3002158|FOX-4	12
ERR4450741	gb|CCN31428.1|ARO:3005049|CrcB	12
ERR4450741	gb|QKE44141.1|ARO:3007033|Erm(51)	12
ERR4450741	gb|QYJ63007.1|ARO:3007837|CARB-58	12
ERR4450741	gb|WP_033642964.1|ARO:3006853|SRT-3	12
ERR4450741	gb|WP_039189232.1|ARO:3006228|ACC-1a	12
ERR4450741	gb|WP_063859757.1|ARO:3003130|CMY-122	12
ERR4450741	gb|WP_063859920.1|ARO:3006871|CSP-1	12
ERR4450741	gb|AAA26652.1|ARO:3002835|lnuA	11
ERR4450741	gb|AAB81957.1|ARO:3004784|FAR-1	11
ERR4450741	gb|AAP26981.1|ARO:3005045|SatA	11
ERR4450741	gb|AAP69916.1|ARO:3001780|OXA-85	11
ERR4450741	gb|ABA71732.1|ARO:3003069|vanXY_in_vanG	11
ERR4450741	gb|ADD80743.1|ARO:3002368|PER-6	11
ERR4450741	gb|ADI81040.1|ARO:3002800|QnrVC3	11
ERR4450741	gb|AEV91550.1|ARO:3001710|OXA-211	11
ERR4450741	gb|AGD91915.1|ARO:3001778|OXA-232	11
ERR4450741	gb|AIG19999.1|ARO:3005133|PDC-62	11
ERR4450741	gb|AIT76102.1|ARO:3002150|DHA-19	11
ERR4450741	gb|AKQ05899.1|ARO:3004591|tet(55)	11
ERR4450741	gb|BAF34030.1|ARO:3005036|BLMT	11
ERR4450741	gb|BBJ25230.1|ARO:3007032|Erm(50)	11
ERR4450741	gb|BCG06510.1|ARO:3007266|MCR-3.20	11
ERR4450741	gb|CAA76544.1|ARO:3003836|qacH	11
ERR4450741	gb|CAK95249.1|ARO:3003856|ADC-12	11
ERR4450741	gb|EEX02086.1|ARO:3004089|ANT(3'')-IIa	11
ERR4450741	gb|EHS19134.1|ARO:3004661|Saur_FosB	11
ERR4450741	gb|KKE03230.1|ARO:3004113|FosA7	11
ERR4450741	gb|NP_706356.2|ARO:3007509|Sfle_acrA	11
ERR4450741	gb|QTJ60982.1|ARO:3007062|VAM-1	11
ERR4450741	gb|SUA92210.1|ARO:3001461|OXA-156	11
ERR4450741	gb|WP_019050927.1|ARO:3005671|GOB-22	11
ERR4450741	gb|WP_081330264.1|ARO:3006899|AXC-3	11
ERR4450741	gb|WP_107809858.1|ARO:3005683|GOB-34	11
ERR4450741	gb|WP_188331894.1|ARO:3007267|MCR-3.35	11
ERR4450741	gb|AAA20116.1|ARO:3000180|tetA(P)	10
ERR4450741	gb|AAC64365.1|ARO:3000230|ANT(2'')-Ia	10
ERR4450741	gb|AAF36804.1|ARO:3002952|vanX_in_vanF_cl	10
ERR4450741	gb|AAL26995.1|ARO:3008201|HER-2	10
ERR4450741	gb|ABA71730.1|ARO:3002965|vanW_in_vanG_cl	10
ERR4450741	gb|ABG49324.1|ARO:3002609|aadA9	10
ERR4450741	gb|ACH58989.1|ARO:3002488|LRA-9	10
ERR4450741	gb|AEV91214.1|ARO:3001832|ACT-10	10
ERR4450741	gb|AKQ05897.1|ARO:3004589|tet(53)	10
ERR4450741	gb|AUI38915.1|ARO:3004695|MCR-4.3	10
ERR4450741	gb|BAM62793.1|ARO:3002233|IMP-42	10
ERR4450741	gb|CAA90432.1|ARO:3003026|fusH	10
ERR4450741	gb|CAB96921.1|ARO:3000606|FEZ-1	10
ERR4450741	gb|CAD37801.1|ARO:3003793|SPM-1	10
ERR4450741	gb|CAD53575.1|ARO:3002531|AAC(3)-Ic	10
ERR4450741	gb|CAE50926.1|ARO:3002590|AAC(6')-Iih	10
ERR4450741	gb|EEL41021.1|ARO:3003072|mphL	10
ERR4450741	gb|QHW12307.1|ARO:3005089|mef(D)	10
ERR4450741	gb|QIU91361.1|ARO:3009096|YOC-1	10
ERR4450741	gb|QKT21444.1|ARO:3005085|AAC(3)-IIg	10
ERR4450741	gb|UWX67704.1|ARO:3007437|EBR-5	10
ERR4450741	gb|WP_032974004.1|ARO:3006922|CMA-1	10
ERR4450741	gb|WP_110174956.1|ARO:3005266|TEM-235	10
ERR4450741	gb|WP_130173437.1|ARO:3006376|ADC-207	10
ERR4450741	gb|WP_140423316.1|ARO:3005338|OXA-648	10
ERR4450741	gb|AAB23649.1|ARO:3004460|Vang_ACT_CHL	9
ERR4450741	gb|AAB58447.1|ARO:3002662|APH(9)-Ia	9
ERR4450741	gb|AAD37403.1|ARO:3003202|TLA-1	9
ERR4450741	gb|AAF17880.1|ARO:3002605|aadA5	9
ERR4450741	gb|AAN00989.1|ARO:3003774|Saga_mprF	9
ERR4450741	gb|AAT68577.1|ARO:3004802|GOB-10	9
ERR4450741	gb|AAX38178.1|ARO:3002634|APH(2'')-Ie	9
ERR4450741	gb|ABV26707.1|ARO:3002850|arr-5	9
ERR4450741	gb|ACN85419.1|ARO:3001804|OXA-145	9
ERR4450741	gb|AFO53532.1|ARO:3002883|rgt1438	9
ERR4450741	gb|AHF20043.1|ARO:3002798|QnrS9	9
ERR4450741	gb|BAC11901.1|ARO:3004455|Ssui_ACT_CHL	9
ERR4450741	gb|BAQ56016.1|ARO:3003659|IMP-51	9
ERR4450741	gb|CAA26235.1|ARO:3003061|vph	9
ERR4450741	gb|CAA63264.1|ARO:3002012|CMY-1	9
ERR4450741	gb|CAP69659.1|ARO:3003017|dfrA21	9
ERR4450741	gb|UUM03675.1|ARO:3008560|OXA-1142	9
ERR4450741	gb|WEY36412.1|ARO:3008228|KHM-2	9
ERR4450741	gb|WP_045331469.1|ARO:3006243|ACT-48	9
ERR4450741	gb|WP_063860936.1|ARO:3006962|ORN-6	9
ERR4450741	gb|AAA16194.1|ARO:3002540|AAC(3)-VIa	8
ERR4450741	gb|AAA98296.1|ARO:3000250|ErmC	8
ERR4450741	gb|AAB63533.1|ARO:3002556|AAC(6')-Ii	8
ERR4450741	gb|AAD03495.1|ARO:3002567|AAC(6')-Iw	8
ERR4450741	gb|AAL55262.1|ARO:3004766|CGA-1	8
ERR4450741	gb|AAS68233.1|ARO:3000391|norA	8
ERR4450741	gb|ABF69686.1|ARO:3007122|tet(O/W/32/O)	8
ERR4450741	gb|ABG91835.1|ARO:3002860|dfrA17	8
ERR4450741	gb|ACD45689.1|ARO:3004550|dfrA27	8
ERR4450741	gb|ACH58980.1|ARO:3002482|LRA-1	8
ERR4450741	gb|ACT97371.1|ARO:3003097|CfxA6	8
ERR4450741	gb|ADC91899.1|ARO:3002343|GES-14	8
ERR4450741	gb|AEG74319.1|ARO:3002794|QnrS5	8
ERR4450741	gb|AFJ11385.1|ARO:3002666|rmtF	8
ERR4450741	gb|AHL39333.1|ARO:3001848|ACT-28	8
ERR4450741	gb|AIG22448.1|ARO:3001558|OXA-372	8
ERR4450741	gb|ALF06101.1|ARO:3004764|CBP-1	8
ERR4450741	gb|AMQ12811.1|ARO:3004111|FosA6	8
ERR4450741	gb|ANQ03635.1|ARO:3005162|FosA7.5	8
ERR4450741	gb|APC93960.1|ARO:3004636|qnrE1	8
ERR4450741	gb|AVL16970.1|ARO:3008094|CMH-19	8
ERR4450741	gb|BAB20748.1|ARO:3002825|ErmY	8
ERR4450741	gb|BAD00739.1|ARO:3002607|aadA7	8
ERR4450741	gb|BEK62627.1|ARO:3008620|OXA-1208	8
ERR4450741	gb|CAA27276.1|ARO:3002661|APH(7'')-Ia	8
ERR4450741	gb|CAA62365.1|ARO:3002645|APH(3')-IIb	8
ERR4450741	gb|CAA71699.2|ARO:3001416|OXA-21	8
ERR4450741	gb|CAB45459.1|ARO:3002914|vanJ	8
ERR4450741	gb|CAC99773.1|ARO:3003770|Lmon_mprF	8
ERR4450741	gb|CAI99385.1|ARO:3002856|dfrA24	8
ERR4450741	gb|CDL65151.1|ARO:3003971|Erm(44)v	8
ERR4450741	gb|MBW8248988.1|ARO:3007921|ACT-156	8
ERR4450741	gb|QEQ43476.1|ARO:3005061|AAC(3)-IVb	8
ERR4450741	gb|QTV22830.1|ARO:3007085|PRC-1	8
ERR4450741	gb|WP_026025287.1|ARO:3006894|ALI-1	8
ERR4450741	gb|WP_087696200.1|ARO:3005797|OXA-576	8
ERR4450741	gb|WP_096807446.1|ARO:3005198|CMY-157	8
ERR4450741	gb|WP_112792421.1|ARO:3006254|ACT-59	8
ERR4450741	gb|WP_188331877.1|ARO:3006113|OXA-928	8
ERR4450741	gb|AAA25334.1|ARO:3002543|AAC(3)-IXa	7
ERR4450741	gb|AAA25683.1|ARO:3002538|AAC(3)-IIIc	7
ERR4450741	gb|AAA26615.1|ARO:3004457|Sint_ACT_CHL	7
ERR4450741	gb|AAC41449.1|ARO:3001398|OXA-3	7
ERR4450741	gb|AAG24866.1|ARO:3001430|OXA-36	7
ERR4450741	gb|AAK63041.1|ARO:3004629|AAC(6')-Im	7
ERR4450741	gb|AAO83986.1|ARO:3003905|ANT(4')-Ib	7
ERR4450741	gb|AAU88145.1|ARO:3001764|OXA-63	7
ERR4450741	gb|ABF47917.1|ARO:3001629|OXA-94	7
ERR4450741	gb|ABR10839.1|ARO:3002586|AAC(6')-32	7
ERR4450741	gb|ABU39980.1|ARO:3004749|BCL-1	7
ERR4450741	gb|ABW91179.1|ARO:3004665|cmlA8	7
ERR4450741	gb|ACS83559.1|ARO:3004601|LnuP	7
ERR4450741	gb|AEG74318.1|ARO:3002795|QnrS6	7
ERR4450741	gb|AEP40501.1|ARO:3002969|vanXY_in_vanN	7
ERR4450741	gb|AGS82587.1|ARO:3002222|IMP-31	7
ERR4450741	gb|AHE41345.1|ARO:3002797|QnrS8	7
ERR4450741	gb|AHG97174.1|ARO:3003011|dfrA10	7
ERR4450741	gb|APM84488.1|ARO:3004685|MCR-1.5	7
ERR4450741	gb|ATL63235.1|ARO:3004357|catV	7
ERR4450741	gb|CAA27626.1|ARO:3000363|EreB	7
ERR4450741	gb|CAF05908.1|ARO:3000845|GIM-1	7
ERR4450741	gb|CAM96571.1|ARO:3004605|ermZ	7
ERR4450741	gb|CAP12354.2|ARO:3002429|OKP-A-12	7
ERR4450741	gb|CAZ48628.1|ARO:3002852|arr-7	7
ERR4450741	gb|WP_039039919.1|ARO:3007251|MCR-3.38	7
ERR4450741	gb|WP_069280714.1|ARO:3005229|SHV-196	7
ERR4450741	gb|WP_100505522.1|ARO:3006898|AXC-2	7
ERR4450741	gb|AAA98096.1|ARO:3000595|ErmT	6
ERR4450741	gb|AAB21326.1|ARO:3002651|APH(3')-Vc	6
ERR4450741	gb|AAB41701.1|ARO:3002526|AAC(2')-Id	6
ERR4450741	gb|AAD03496.1|ARO:3002568|AAC(6')-Ix	6
ERR4450741	gb|AAD23513.1|ARO:3003002|CfxA2	6
ERR4450741	gb|AAR03105.1|ARO:3001813|OXA-55	6
ERR4450741	gb|ABA71729.1|ARO:3002959|vanY_in_vanG_cl	6
ERR4450741	gb|ABC68330.1|ARO:3002640|APH(3'')-Ic	6
ERR4450741	gb|ACL19707.1|ARO:3003725|vanX_in_vanI_cl	6
ERR4450741	gb|AEH41427.1|ARO:3002218|IMP-27	6
ERR4450741	gb|AFU25635.1|ARO:3002083|CMY-70	6
ERR4450741	gb|AGL43627.1|ARO:3002778|QnrB66	6
ERR4450741	gb|AGW16415.1|ARO:3001521|OXA-333	6
ERR4450741	gb|AHY03238.1|ARO:3002789|QnrD2	6
ERR4450741	gb|AJE92936.1|ARO:3004541|mphK	6
ERR4450741	gb|AJP77058.1|ARO:3003719|MSI-OXA	6
ERR4450741	gb|BAA03718.1|ARO:3002689|pp_cat	6
ERR4450741	gb|BES62776.2|ARO:3007861|DYB-1	6
ERR4450741	gb|CAA71441.1|ARO:3003095|imiS	6
ERR4450741	gb|CAB76928.1|ARO:3004837|OXA-724	6
ERR4450741	gb|CAC32082.1|ARO:3002527|AAC(2')-Ie	6
ERR4450741	gb|PKO69073.1|ARO:3007490|dfrB11	6
ERR4450741	gb|PRF24721.1|ARO:3009007|PEN-A29	6
ERR4450741	gb|QBQ69719.1|ARO:3004720|tet(X4)	6
ERR4450741	gb|QGQ32905.1|ARO:3005015|VMB-1	6
ERR4450741	gb|UNG16571.1|ARO:3008199|HBL-1	6
ERR4450741	gb|UQN71920.1|ARO:3009015|PEN-A37	6
ERR4450741	gb|WKB14834.1|ARO:3008909|PDC-562	6
ERR4450741	gb|WP_002791310.1|ARO:3005724|OXA-489	6
ERR4450741	gb|WP_002936877.1|ARO:3005844|OXA-623	6
ERR4450741	gb|WP_063859998.1|ARO:3005596|CTX-M-173	6
ERR4450741	gb|WP_065419570.1|ARO:3005468|IMP-61	6
ERR4450741	gb|WP_065597326.1|ARO:3006895|ALI-2	6
ERR4450741	gb|WP_068981615.1|ARO:3006440|ADC-83	6
ERR4450741	gb|WP_078795346.1|ARO:3005551|BlaB-38	6
ERR4450741	gb|WP_132586462.1|ARO:3005347|DfrA37	6
ERR4450741	gb|WP_168370988.1|ARO:3005336|OXA-915	6
ERR4450741	gb|AAA19882.1|ARO:3003562|blaF	5
ERR4450741	gb|AAA22562.1|ARO:3002878|BcII	5
ERR4450741	gb|AAA73865.1|ARO:3002674|Cbut_catB	5
ERR4450741	gb|AAF61417.1|ARO:3002244|CARB-5	5
ERR4450741	gb|AAL85333.1|ARO:3004773|CKO-1	5
ERR4450741	gb|AAM45855.1|ARO:3004780|DES-1	5
ERR4450741	gb|AAM76670.1|ARO:3002625|ANT(4')-IIb	5
ERR4450741	gb|AAM92464.1|ARO:3002594|AAC(6')-IIa	5
ERR4450741	gb|AAN28721.1|ARO:3002871|tet(37)	5
ERR4450741	gb|AAN34365.1|ARO:3002604|aadA4	5
ERR4450741	gb|AAP40270.1|ARO:3001671|OXA-49	5
ERR4450741	gb|AAT90846.1|ARO:3003556|SLB-1	5
ERR4450741	gb|AAX55643.1|ARO:3003558|Yent_y56	5
ERR4450741	gb|ABB71176.1|ARO:3003020|dfrA25	5
ERR4450741	gb|ABR14060.1|ARO:3002838|lnuD	5
ERR4450741	gb|ABV57756.3|ARO:3001942|CTX-M-81	5
ERR4450741	gb|ACT66697.1|ARO:3000846|SIM-1	5
ERR4450741	gb|ADK25050.1|ARO:3002267|IND-11	5
ERR4450741	gb|ADQ43421.1|ARO:3002646|APH(3')-IIc	5
ERR4450741	gb|AFN82060.1|ARO:3001091|SHV-33	5
ERR4450741	gb|AFO59566.1|ARO:3002226|IMP-35	5
ERR4450741	gb|AGL39360.1|ARO:3004493|ADC-68	5
ERR4450741	gb|AJG06172.1|ARO:3003172|ACT-37	5
ERR4450741	gb|AKS43590.1|ARO:3003655|ACT-38	5
ERR4450741	gb|ALA99192.1|ARO:3001463|OXA-158	5
ERR4450741	gb|APB03226.1|ARO:3003991|mphI	5
ERR4450741	gb|BAB41258.1|ARO:3000124|mecI	5
ERR4450741	gb|BAP18892.1|ARO:3003210|FosA4	5
ERR4450741	gb|CAA31895.1|ARO:3002533|AAC(3)-IIa	5
ERR4450741	gb|CAA68516.1|ARO:3002657|APH(6)-Ia	5
ERR4450741	gb|CCP42991.1|ARO:3002525|AAC(2')-Ic	5
ERR4450741	gb|CTQ57092.1|ARO:3004682|aadA27	5
ERR4450741	gb|KAF1723741.1|ARO:3009029|PJM-2	5
ERR4450741	gb|MBS5055441.1|ARO:3007118|crxA	5
ERR4450741	gb|MBU9633967.1|ARO:3009008|PEN-A2	5
ERR4450741	gb|QEI22965.1|ARO:3007371|FosA8	5
ERR4450741	gb|WDE35084.1|ARO:3008887|PDC-540	5
ERR4450741	gb|WDE35088.1|ARO:3008226|IND-18	5
ERR4450741	gb|WGO19549.1|ARO:3008404|NDM-56	5
ERR4450741	gb|WP_009901927.1|ARO:3006904|CDD-1	5
ERR4450741	gb|WP_064483990.1|ARO:3005335|OXA-496	5
ERR4450741	gb|WP_072678505.1|ARO:3005937|OXA-732	5
ERR4450741	gb|WP_078723747.1|ARO:3005546|BlaB-32	5
ERR4450741	gb|WP_094308975.1|ARO:3007259|MCR-3.22	5
ERR4450741	gb|WP_104009840.1|ARO:3006621|PDC-243	5
ERR4450741	gb|WP_104531866.1|ARO:3006937|LHK-3	5
ERR4450741	gb|WP_111273847.1|ARO:3007263|MCR-3.18	5
ERR4450741	gb|WP_136512092.1|ARO:3006001|OXA-801	5
ERR4450741	gb|AAA22851.1|ARO:3000179|tet(L)	4
ERR4450741	gb|AAA88548.1|ARO:3002597|AAC6_Ie_APH2_Ia	4
ERR4450741	gb|AAC32025.1|ARO:3002650|APH(3')-Vb	4
ERR4450741	gb|AAC61670.1|ARO:3001308|vgbB	4
ERR4450741	gb|AAD46626.1|ARO:3002596|AAC(6')-IIc	4
ERR4450741	gb|AAF36806.1|ARO:3002963|vanZ_in_vanF_cl	4
ERR4450741	gb|AAF61331.1|ARO:3002966|vanXY_in_vanC	4
ERR4450741	gb|AAL26797.1|ARO:3008200|HER-1	4
ERR4450741	gb|AAL36430.1|ARO:3004692|aadA10	4
ERR4450741	gb|AAL51021.2|ARO:3002598|ANT3II_ANT6II	4
ERR4450741	gb|AAL86999.1|ARO:3004782|ERP-1	4
ERR4450741	gb|AAP08996.1|ARO:3000172|FosB	4
ERR4450741	gb|AAP22374.1|ARO:3002248|CARB-9	4
ERR4450741	gb|AAP43641.1|ARO:3001810|OXA-53	4
ERR4450741	gb|AAT70411.1|ARO:3003853|ADC-7	4
ERR4450741	gb|ABA28305.2|ARO:3000462|mgtA	4
ERR4450741	gb|ABY55281.1|ARO:3004498|dfrB4	4
ERR4450741	gb|ACF17980.1|ARO:3002616|aadA16	4
ERR4450741	gb|ACJ47200.1|ARO:3002612|aadA12	4
ERR4450741	gb|ACS44784.1|ARO:3002185|MOX-6	4
ERR4450741	gb|ACS44785.1|ARO:3002189|MOX-7	4
ERR4450741	gb|ACS71746.1|ARO:3002737|QnrB22	4
ERR4450741	gb|ACZ54536.1|ARO:3002342|GES-13	4
ERR4450741	gb|ADC55560.1|ARO:3000858|armA	4
ERR4450741	gb|ADO00942.1|ARO:3003023|dfrB6	4
ERR4450741	gb|AEK78851.1|ARO:3002163|FOX-9	4
ERR4450741	gb|AFN69318.1|ARO:3004658|catA8	4
ERR4450741	gb|AFV91534.1|ARO:3004786|FIM-1	4
ERR4450741	gb|AHJ00703.1|ARO:3008193|GMA-1	4
ERR4450741	gb|AHJ02283.1|ARO:3003186|CARB-23	4
ERR4450741	gb|AIT76117.1|ARO:3002179|MIR-14	4
ERR4450741	gb|AJA36815.1|ARO:3003193|QnrVC7	4
ERR4450741	gb|AJE60855.1|ARO:3003209|fosA5	4
ERR4450741	gb|ANW35663.1|ARO:3003620|OXA-464	4
ERR4450741	gb|APB03223.1|ARO:3003989|AAC(6')-34	4
ERR4450741	gb|ARX76025.1|ARO:3003128|OXA-436	4
ERR4450741	gb|BAA12910.1|ARO:3000318|mphB	4
ERR4450741	gb|BAD14386.1|ARO:3002573|AAC(6')-Iae	4
ERR4450741	gb|BAE05988.1|ARO:3004670|FosB1	4
ERR4450741	gb|BAF56185.1|ARO:3002037|CMY-26	4
ERR4450741	gb|BDT38935.1|ARO:3008580|OXA-1162	4
ERR4450741	gb|BFF41854.1|ARO:3009034|PNC-3	4
ERR4450741	gb|CAA06311.1|ARO:3001869|CTX-M-6	4
ERR4450741	gb|CAA26428.1|ARO:3002630|ANT(9)-Ia	4
ERR4450741	gb|CAA29136.1|ARO:3002658|APH(6)-Ib	4
ERR4450741	gb|CAA55007.1|ARO:3001857|LAT-1	4
ERR4450741	gb|CAC17623.1|ARO:3002516|OCH-3	4
ERR4450741	gb|CAD61201.1|ARO:3002277|VIM-7	4
ERR4450741	gb|CAD91341.1|ARO:3004675|aphA15	4
ERR4450741	gb|CAI57696.1|ARO:3002614|aadA14	4
ERR4450741	gb|CBG22732.1|ARO:3002341|GES-12	4
ERR4450741	gb|CBY88906.1|ARO:3004105|TMB-1	4
ERR4450741	gb|CCC86797.1|ARO:3005046|MecI_rep	4
ERR4450741	gb|ENX60508.1|ARO:3001743|OXA-288	4
ERR4450741	gb|QVO43834.1|ARO:3008737|OXA-960	4
ERR4450741	gb|UFK32676.1|ARO:3008084|CME-3	4
ERR4450741	gb|WP_002126587.1|ARO:3006297|ADC-120	4
ERR4450741	gb|WP_005039111.1|ARO:3006304|ADC-129	4
ERR4450741	gb|WP_010798607.1|ARO:3006943|LUT-1	4
ERR4450741	gb|WP_021348010.1|ARO:3005530|BlaB-17	4
ERR4450741	gb|WP_031692400.1|ARO:3006493|PDC-115	4
ERR4450741	gb|WP_032699754.1|ARO:3006968|PLA-1	4
ERR4450741	gb|WP_045286607.1|ARO:3006245|ACT-50	4
ERR4450741	gb|WP_063099318.1|ARO:3006325|ADC-151	4
ERR4450741	gb|WP_063859815.1|ARO:3005191|CMY-139	4
ERR4450741	gb|WP_106924209.1|ARO:3005636|CTX-M-213	4
ERR4450741	gb|WP_109545048.1|ARO:3005768|OXA-542	4
ERR4450741	gb|WP_116786835.1|ARO:3005933|OXA-728	4
ERR4450741	gb|WP_136512108.1|ARO:3005511|VIM-63	4
ERR4450741	gb|WP_156404660.1|ARO:3006967|PFM-3	4
ERR4450741	gb|WP_161507793.1|ARO:3006103|OXA-917	4
ERR4450741	gb|WP_164461288.1|ARO:3006924|CVI-1	4
ERR4450741	gb|WP_178317675.1|ARO:3006088|OXA-900	4
ERR4450741	gb|WP_179284394.1|ARO:3005519|VIM-71	4
ERR4450741	gb|XAJ73557.1|ARO:3007946|ACT-183	4
ERR4450741	gb|XAJ73570.1|ARO:3008379|MIR-32	4
ERR4450741	gb|AAA03550.1|ARO:3002523|AAC(2')-Ia	3
ERR4450741	gb|AAA25717.1|ARO:3002624|ANT(4')-IIa	3
ERR4450741	gb|AAA26548.1|ARO:3002534|AAC(3)-IIb	3
ERR4450741	gb|AAA88552.1|ARO:3002541|AAC(3)-VIIa	3
ERR4450741	gb|AAB28795.1|ARO:3000178|tet(K)	3
ERR4450741	gb|AAC44793.1|ARO:3002524|AAC(2')-Ib	3
ERR4450741	gb|AAD02244.1|ARO:3002580|AAC(6')-Ib9	3
ERR4450741	gb|AAD03494.1|ARO:3002566|AAC(6')-Iv	3
ERR4450741	gb|AAV80464.1|ARO:3000565|tet(38)	3
ERR4450741	gb|ABK58097.1|ARO:3004825|LAP-1	3
ERR4450741	gb|ABW06859.1|ARO:3000603|Erm(41)	3
ERR4450741	gb|ABW91178.1|ARO:3002613|aadA13	3
ERR4450741	gb|ACL82959.1|ARO:3002961|vanY_in_vanM_cl	3
ERR4450741	gb|ACO36249.1|ARO:3009024|PEN-B2	3
ERR4450741	gb|ACR57831.1|ARO:3003022|dfrB3	3
ERR4450741	gb|ADA13241.1|ARO:3002266|IND-10	3
ERR4450741	gb|AFU25658.1|ARO:3002762|QnrB47	3
ERR4450741	gb|AGH08253.1|ARO:3002803|QnrVC6	3
ERR4450741	gb|AGL43626.1|ARO:3002777|QnrB65	3
ERR4450741	gb|AGV10818.1|ARO:3002669|APH(2'')-Ig	3
ERR4450741	gb|AHE40505.1|ARO:3004542|mphN	3
ERR4450741	gb|AHF82024.1|ARO:3004648|AQU-3	3
ERR4450741	gb|AHM76774.1|ARO:3001843|ACT-22	3
ERR4450741	gb|AIA58910.1|ARO:3002236|IMP-45	3
ERR4450741	gb|AID52933.1|ARO:3007650|CDA-1	3
ERR4450741	gb|AIL92328.1|ARO:3003175|CARB-19	3
ERR4450741	gb|AKF41838.1|ARO:3003638|OXA-481	3
ERR4450741	gb|AQQ11622.1|ARO:3004686|MCR-1.7	3
ERR4450741	gb|AUN87920.1|ARO:3004500|MCR-3.11	3
ERR4450741	gb|AUW34365.1|ARO:3004444|RSA1-1	3
ERR4450741	gb|BAD95494.1|ARO:3002895|SAT-2	3
ERR4450741	gb|BAE78083.1|ARO:3003549|mdtO	3
ERR4450741	gb|BAQ22025.1|ARO:3003200|AAC(6')-Ian	3
ERR4450741	gb|BAQ22139.1|ARO:3003204|TLA-3	3
ERR4450741	gb|BDS51121.1|ARO:3008575|OXA-1157	3
ERR4450741	gb|CAA26964.1|ARO:3000347|ErmA	3
ERR4450741	gb|CAA27733.1|ARO:3008823|PC1	3
ERR4450741	gb|CAA37605.1|ARO:3002638|APH(3'')-Ia	3
ERR4450741	gb|CAA37806.1|ARO:3002684|catII	3
ERR4450741	gb|CAA39184.1|ARO:3002536|AAC(3)-IIIa	3
ERR4450741	gb|CAB12108.2|ARO:3003059|tmrB	3
ERR4450741	gb|CAD32565.1|ARO:3001770|OXA-43	3
ERR4450741	gb|CAJ19605.1|ARO:3002424|OKP-A-7	3
ERR4450741	gb|CAK95246.1|ARO:3003859|ADC-15	3
ERR4450741	gb|CAP12349.2|ARO:3002468|LEN-21	3
ERR4450741	gb|CAP69660.1|ARO:3001811|OXA-129	3
ERR4450741	gb|ENW12288.1|ARO:3001729|OXA-273	3
ERR4450741	gb|ENX40034.1|ARO:3001753|OXA-298	3
ERR4450741	gb|KSC15183.1|ARO:3002537|AAC(3)-IIIb	3
ERR4450741	gb|KXF74838.1|ARO:3008821|PAD-1	3
ERR4450741	gb|MBO4150342.1|ARO:3007276|MCR-10.4	3
ERR4450741	gb|MDC5390807.1|ARO:3008042|ADC-332	3
ERR4450741	gb|QAT79362.1|ARO:3007470|IND-17	3
ERR4450741	gb|QTG68659.1|ARO:3007804|VIM-74	3
ERR4450741	gb|QVO43832.1|ARO:3008180|FOX-18	3
ERR4450741	gb|UUT29086.1|ARO:3008385|MOX-17	3
ERR4450741	gb|WP_058652112.1|ARO:3005346|DfrA34	3
ERR4450741	gb|WP_061284984.1|ARO:3006927|KLUC-1	3
ERR4450741	gb|WP_063860827.1|ARO:3006941|LRG-1	3
ERR4450741	gb|WP_063860834.1|ARO:3006950|MAL-2	3
ERR4450741	gb|WP_063860835.1|ARO:3006951|MBL1b	3
ERR4450741	gb|WP_063978071.1|ARO:3000862|sgm	3
ERR4450741	gb|WP_064808881.1|ARO:3005325|OXA-573	3
ERR4450741	gb|WP_068981642.1|ARO:3005757|OXA-527	3
ERR4450741	gb|WP_087587942.1|ARO:3005775|OXA-551	3
ERR4450741	gb|WP_104531869.1|ARO:3006940|LHK-6	3
ERR4450741	gb|WP_109545039.1|ARO:3007000|STA-1	3
ERR4450741	gb|WP_111273844.1|ARO:3007252|MCR-3.15	3
ERR4450741	gb|WP_128268280.1|ARO:3006687|PDC-317	3
ERR4450741	gb|WP_148044413.1|ARO:3006171|GES-42	3
ERR4450741	gb|WP_148044445.1|ARO:3006723|PDC-354	3
ERR4450741	gb|WP_160164898.1|ARO:3007243|MCR-1.24	3
ERR4450741	gb|WWB25208.1|ARO:3009044|SED-2	3
ERR4450741	gb|AAA23215.1|ARO:3002687|catQ	2
ERR4450741	gb|AAA98406.1|ARO:3001404|OXA-9	2
ERR4450741	gb|AAB51421.1|ARO:3002686|catP	2
ERR4450741	gb|AAB58555.1|ARO:3001413|OXA-18	2
ERR4450741	gb|AAC32890.1|ARO:3001868|CTX-M-5	2
ERR4450741	gb|AAC37034.1|ARO:3000522|ErmG	2
ERR4450741	gb|AAD19217.1|ARO:3002245|CARB-6	2
ERR4450741	gb|AAF03531.1|ARO:3002569|AAC(6')-Iy	2
ERR4450741	gb|AAF09244.1|ARO:3000849|SFH-1	2
ERR4450741	gb|AAF36805.1|ARO:3002958|vanY_in_vanF_cl	2
ERR4450741	gb|AAG11411.2|ARO:3004680|APH(3')-VIIIa	2
ERR4450741	gb|AAG29761.2|ARO:3002259|IND-3	2
ERR4450741	gb|AAK30619.1|ARO:3000957|TEM-90	2
ERR4450741	gb|AAK31368.1|ARO:3002021|CMY-10	2
ERR4450741	gb|AAK63223.1|ARO:3003561|SED-1	2
ERR4450741	gb|AAM74565.1|ARO:3002246|CARB-7	2
ERR4450741	gb|AAN41427.1|ARO:3001775|OXA-119	2
ERR4450741	gb|AAR20595.1|ARO:3000090|Bla1	2
ERR4450741	gb|AAS78754.1|ARO:3002261|IND-5	2
ERR4450741	gb|AAS89982.1|ARO:3000975|TEM-112	2
ERR4450741	gb|AAT46346.1|ARO:3008372|LHK-7	2
ERR4450741	gb|AAT68580.1|ARO:3004805|GOB-13	2
ERR4450741	gb|AAV70602.1|ARO:3001900|CTX-M-38	2
ERR4450741	gb|AAX46054.1|ARO:3004549|dfrB5	2
ERR4450741	gb|ABG72894.1|ARO:3002621|aadA24	2
ERR4450741	gb|ABI20482.1|ARO:3003021|dfrB2	2
ERR4450741	gb|ABW95047.1|ARO:3001441|OXA-116	2
ERR4450741	gb|ABX54688.1|ARO:3002968|vanXY_in_vanL	2
ERR4450741	gb|ABX54689.1|ARO:3002973|vanTm_in_vanL	2
ERR4450741	gb|ACE77058.1|ARO:3002366|PER-4	2
ERR4450741	gb|ACG70184.1|ARO:3002788|QnrD1	2
ERR4450741	gb|ACJ24509.1|ARO:3002793|QnrS4	2
ERR4450741	gb|ACJ63454.1|ARO:3009023|PEN-B1	2
ERR4450741	gb|ACL37342.1|ARO:3002592|AAC6_IB_HZ	2
ERR4450741	gb|ACU00152.1|ARO:3002086|CMY-73	2
ERR4450741	gb|ACY06082.1|ARO:3004547|dfrA6	2
ERR4450741	gb|ADF48907.1|ARO:3007369|FosH	2
ERR4450741	gb|ADK55605.1|ARO:3002066|CMY-55	2
ERR4450741	gb|ADM47435.1|ARO:3001695|OXA-134	2
ERR4450741	gb|ADY06444.1|ARO:3001783|OXA-163	2
ERR4450741	gb|AEG78825.1|ARO:3002872|FosA3	2
ERR4450741	gb|AFI56422.1|ARO:3004777|CMH-1	2
ERR4450741	gb|AFP97030.1|ARO:3001797|OXA-46	2
ERR4450741	gb|AGC92784.1|ARO:3000848|DIM-1	2
ERR4450741	gb|AGH19769.1|ARO:3003198|rmtH	2
ERR4450741	gb|AGH56079.1|ARO:3002190|MOX-8	2
ERR4450741	gb|AGW81558.1|ARO:3002631|spd	2
ERR4450741	gb|AHA80105.1|ARO:3001841|ACT-20	2
ERR4450741	gb|AHF82023.1|ARO:3004647|AQU-2	2
ERR4450741	gb|AIA09786.1|ARO:3000861|rmtC	2
ERR4450741	gb|AIT76094.1|ARO:3002149|DHA-18	2
ERR4450741	gb|AIT76099.1|ARO:3002125|CMY-114	2
ERR4450741	gb|AJF36617.1|ARO:3004596|erm(46)	2
ERR4450741	gb|AJG06170.1|ARO:3003171|ACT-36	2
ERR4450741	gb|ASK49940.1|ARO:3004506|MCR-1.10	2
ERR4450741	gb|ASU04896.1|ARO:3004505|MCR-3.5	2
ERR4450741	gb|ASU10319.1|ARO:3004662|MCR-3.3	2
ERR4450741	gb|AUX87883.1|ARO:3008457|OXA-1036	2
ERR4450741	gb|AXA20009.1|ARO:3007113|nimK	2
ERR4450741	gb|BAA07072.1|ARO:3002812|pp-flo	2
ERR4450741	gb|BAA32494.1|ARO:3000449|FomB	2
ERR4450741	gb|BAF80809.1|ARO:3002665|npmA	2
ERR4450741	gb|BDT65865.1|ARO:3008595|OXA-1177	2
ERR4450741	gb|CAA33795.1|ARO:3003563|RCP-1	2
ERR4450741	gb|CAA38525.1|ARO:3002535|AAC(3)-IIc	2
ERR4450741	gb|CAA50581.1|ARO:3007104|nimA	2
ERR4450741	gb|CAA54273.1|ARO:3007106|nimD	2
ERR4450741	gb|CAA56560.1|ARO:3008720|OXA-725	2
ERR4450741	gb|CAA90891.1|ARO:3004762|BRO-2	2
ERR4450741	gb|CAB41414.1|ARO:3002836|lnuB	2
ERR4450741	gb|CAB55427.1|ARO:3004775|CME-1	2
ERR4450741	gb|CAD58780.1|ARO:3001794|OXA-45	2
ERR4450741	gb|CAD99181.1|ARO:3001893|CTX-M-31	2
ERR4450741	gb|CAJ19611.1|ARO:3002436|OKP-B-3	2
ERR4450741	gb|CBH51824.1|ARO:3002629|ANT(6)-Ib	2
ERR4450741	gb|CCP46182.1|ARO:3003035|mfpA	2
ERR4450741	gb|DAC85639.1|ARO:3007097|FosM1	2
ERR4450741	gb|ENU21708.1|ARO:3001741|OXA-286	2
ERR4450741	gb|ENU91137.1|ARO:3004090|ANT(3'')-IIb	2
ERR4450741	gb|ENV74419.1|ARO:3001735|OXA-280	2
ERR4450741	gb|EPF70268.1|ARO:3004478|OXA-665	2
ERR4450741	gb|ERK40265.1|ARO:3007111|nimI	2
ERR4450741	gb|ESK39014.1|ARO:3004091|ANT(3'')-IIc	2
ERR4450741	gb|HCE3953098.1|ARO:3008566|OXA-1148	2
ERR4450741	gb|KAB0300971.1|ARO:3008194|GMA-2	2
ERR4450741	gb|MCC4544499.1|ARO:3007923|ACT-158	2
ERR4450741	gb|MDC5547987.1|ARO:3008016|ADC-306	2
ERR4450741	gb|PLT17746.1|ARO:3003599|OXA-443	2
ERR4450741	gb|QCQ47774.1|ARO:3007107|nimE	2
ERR4450741	gb|QEQ43477.1|ARO:3005062|ANT(3'')-Ib	2
ERR4450741	gb|QOI60719.1|ARO:3008723|OXA-933	2
ERR4450741	gb|QUR41147.1|ARO:3007961|ACT-89	2
ERR4450741	gb|QWA20206.1|ARO:3008427|OXA-1006	2
ERR4450741	gb|SUA76968.1|ARO:3001456|OXA-151	2
ERR4450741	gb|ULU82656.1|ARO:3008499|OXA-1081	2
ERR4450741	gb|UTS94219.1|ARO:3007990|ADC-274	2
ERR4450741	gb|WEY36196.1|ARO:3007900|ACT-118	2
ERR4450741	gb|WLF01986.1|ARO:3008914|PDC-567	2
ERR4450741	gb|WMI45072.1|ARO:3008922|PDC-575	2
ERR4450741	gb|WP_007708339.1|ARO:3006991|SGM-5	2
ERR4450741	gb|WP_007879679.1|ARO:3006105|OXA-919	2
ERR4450741	gb|WP_010337133.1|ARO:3006993|SGM-7	2
ERR4450741	gb|WP_015572455.1|ARO:3006238|ACT-43	2
ERR4450741	gb|WP_015818996.1|ARO:3007002|TTU-1	2
ERR4450741	gb|WP_021361759.1|ARO:3006905|CDD-2	2
ERR4450741	gb|WP_024566153.1|ARO:3005670|GOB-21	2
ERR4450741	gb|WP_032879257.1|ARO:3001762|OXA-307	2
ERR4450741	gb|WP_045475347.1|ARO:3005334|DfrA42_TMP	2
ERR4450741	gb|WP_050861789.1|ARO:3006259|ACT-64	2
ERR4450741	gb|WP_057012521.1|ARO:3006966|PFM-2	2
ERR4450741	gb|WP_063857697.1|ARO:3006229|ACC-1b	2
ERR4450741	gb|WP_063860228.1|ARO:3006874|EC-13	2
ERR4450741	gb|WP_063860980.1|ARO:3005704|OXA-114d	2
ERR4450741	gb|WP_063865145.1|ARO:3007001|TER-1	2
ERR4450741	gb|WP_069280709.1|ARO:3006161|GES-32	2
ERR4450741	gb|WP_072186106.1|ARO:3006984|RUB-1	2
ERR4450741	gb|WP_075226241.1|ARO:3006978|PSV-1	2
ERR4450741	gb|WP_078769980.1|ARO:3005695|GOB-46	2
ERR4450741	gb|WP_080897395.1|ARO:3006153|OKP-D-1	2
ERR4450741	gb|WP_099156055.1|ARO:3006232|ACC-7	2
ERR4450741	gb|WP_102607461.1|ARO:3005793|OXA-569	2
ERR4450741	gb|WP_109545050.1|ARO:3006866|CRH-2	2
ERR4450741	gb|WP_109545051.1|ARO:3006867|CRH-3	2
ERR4450741	gb|WP_114272532.1|ARO:3005932|OXA-727	2
ERR4450741	gb|WP_114699279.1|ARO:3005875|OXA-660	2
ERR4450741	gb|WP_128268236.1|ARO:3006469|DHA-28	2
ERR4450741	gb|WP_128268278.1|ARO:3005986|OXA-783	2
ERR4450741	gb|WP_131419583.1|ARO:3005269|TEM-238	2
ERR4450741	gb|WP_136512051.1|ARO:3006263|ACT-68	2
ERR4450741	gb|WP_136512068.1|ARO:3002230|IMP-39	2
ERR4450741	gb|WP_152315468.1|ARO:3006027|OXA-830	2
ERR4450741	gb|WP_164461280.1|ARO:3006272|ACT-78	2
ERR4450741	gb|WP_179284317.1|ARO:3005588|CARB-54	2
ERR4450741	gb|WP_188331886.1|ARO:3007283|MCR-2.4	2
ERR4450741	gb|WP_194293132.1|ARO:3006863|AAK-1	2
ERR4450741	gb|WYF30524.1|ARO:3008650|OXA-1240	2
ERR4450741	gb|XAJ73542.1|ARO:3007931|ACT-168	2
ERR4450741	gb|XAJ73561.1|ARO:3007950|ACT-187	2
ERR4450741	gb|AAA26412.1|ARO:3002642|APH(3')-Ib	1
ERR4450741	gb|AAA26685.1|ARO:3002542|AAC(3)-VIIIa	1
ERR4450741	gb|AAA26775.1|ARO:3003564|EXO-1	1
ERR4450741	gb|AAA82255.1|ARO:3002864|dfrB1	1
ERR4450741	gb|AAA98349.1|ARO:3001307|vgbA	1
ERR4450741	gb|AAA99505.1|ARO:3002988|bcrB	1
ERR4450741	gb|AAB03413.1|ARO:3003099|cphA2	1
ERR4450741	gb|AAB49832.1|ARO:3002636|APH(2'')-IIIa	1
ERR4450741	gb|AAB53259.1|ARO:3002671|Lreu_cat-TC	1
ERR4450741	gb|AAC46344.1|ARO:3001408|OXA-13	1
ERR4450741	gb|AAD33116.2|ARO:3000934|TEM-67	1
ERR4450741	gb|AAF19151.1|ARO:3000938|TEM-72	1
ERR4450741	gb|AAF34335.1|ARO:3001079|SHV-21	1
ERR4450741	gb|AAF34336.1|ARO:3001080|SHV-22	1
ERR4450741	gb|AAF61147.1|ARO:3004751|BES-1	1
ERR4450741	gb|AAF89146.1|ARO:3004812|GOB-5	1
ERR4450741	gb|AAG29757.1|ARO:3002257|IND-2	1
ERR4450741	gb|AAG29813.1|ARO:3002380|SME-2	1
ERR4450741	gb|AAK52604.1|ARO:3001425|OXA-31	1
ERR4450741	gb|AAK52606.1|ARO:3002696|cmlA6	1
ERR4450741	gb|AAK63040.1|ARO:3002635|APH(2'')-IIa	1
ERR4450741	gb|AAN63647.1|ARO:3000843|MUS-1	1
ERR4450741	gb|AAO49597.1|ARO:3002601|aadA	1
ERR4450741	gb|AAO82019.1|ARO:3004254|vanV_in_vanB_cl	1
ERR4450741	gb|AAP27834.1|ARO:3005100|FosB2	1
ERR4450741	gb|AAP69914.1|ARO:3003102|cphA6	1
ERR4450741	gb|AAP93847.1|ARO:3002477|LEN-14	1
ERR4450741	gb|AAP97895.1|ARO:3005111|blaS1	1
ERR4450741	gb|AAQ93491.1|ARO:3000986|TEM-124	1
ERR4450741	gb|AAR21614.1|ARO:3002529|AAC(3)-Id	1
ERR4450741	gb|AAR32134.1|ARO:3001792|OXA-62	1
ERR4450741	gb|AAR87489.1|ARO:3002134|DHA-3	1
ERR4450741	gb|AAR89917.1|ARO:3001812|OXA-54	1
ERR4450741	gb|AAS76623.1|ARO:3004606|erm(40)	1
ERR4450741	gb|AAU10334.1|ARO:3002628|aad(6)	1
ERR4450741	gb|AAY32951.1|ARO:3002837|lnuC	1
ERR4450741	gb|AAZ14084.2|ARO:3001013|TEM-146	1
ERR4450741	gb|ABF06441.1|ARO:3002034|CMY-23	1
ERR4450741	gb|ABF47469.1|ARO:3002790|QnrS1	1
ERR4450741	gb|ABF47919.1|ARO:3001631|OXA-96	1
ERR4450741	gb|ABL75133.1|ARO:3004856|SCO-1	1
ERR4450741	gb|ABN80430.1|ARO:3002375|VEB-5	1
ERR4450741	gb|ABO64442.1|ARO:3001028|TEM-162	1
ERR4450741	gb|ABS29619.1|ARO:3000841|CGB-1	1
ERR4450741	gb|ABW76138.1|ARO:3001767|OXA-137	1
ERR4450741	gb|ABX71158.1|ARO:3001153|SHV-104	1
ERR4450741	gb|ABX72227.1|ARO:3002730|QnrB15	1
ERR4450741	gb|ACK43806.1|ARO:3002617|aadA17	1
ERR4450741	gb|ACM91559.1|ARO:3002319|KPC-9	1
ERR4450741	gb|ACN65419.1|ARO:3002432|OKP-A-15	1
ERR4450741	gb|ACO56763.1|ARO:3002376|VEB-7	1
ERR4450741	gb|ACQ82814.1|ARO:3002508|PDC-9	1
ERR4450741	gb|ACS44783.1|ARO:3002188|MOX-5	1
ERR4450741	gb|ACS71747.1|ARO:3002738|QnrB23	1
ERR4450741	gb|ACY01749.1|ARO:3002217|IMP-26	1
ERR4450741	gb|ADA78299.1|ARO:3004801|FTU-1	1
ERR4450741	gb|ADB54781.1|ARO:3004556|dfrB7	1
ERR4450741	gb|ADB56658.1|ARO:3004753|BIC-1	1
ERR4450741	gb|ADK92148.1|ARO:3001709|OXA-182	1
ERR4450741	gb|ADU33193.1|ARO:3002708|QnrA2	1
ERR4450741	gb|ADZ31262.1|ARO:3001966|CTX-M-106	1
ERR4450741	gb|AEB98922.1|ARO:3001481|OXA-196	1
ERR4450741	gb|AEI54993.1|ARO:3002369|PER-7	1
ERR4450741	gb|AEL00450.1|ARO:3002747|QnrB32	1
ERR4450741	gb|AEL00461.1|ARO:3002753|QnrB38	1
ERR4450741	gb|AEM97672.1|ARO:3002073|CMY-60	1
ERR4450741	gb|AEO92079.1|ARO:3001483|OXA-205	1
ERR4450741	gb|AET15272.1|ARO:3003197|aadA25	1
ERR4450741	gb|AEV91554.1|ARO:3001714|OXA-215	1
ERR4450741	gb|AEZ05106.1|ARO:3002587|AAC(6')-I33	1
ERR4450741	gb|AFG73659.1|ARO:3002219|IMP-28	1
ERR4450741	gb|AFJ11384.1|ARO:3002546|AAC(6')-Ib	1
ERR4450741	gb|AFJ38137.1|ARO:3007370|FosI	1
ERR4450741	gb|AFQ23965.1|ARO:3001198|SHV-159	1
ERR4450741	gb|AFU25638.1|ARO:3002096|CMY-83	1
ERR4450741	gb|AFU25739.1|ARO:3002351|GES-22	1
ERR4450741	gb|AGE00988.1|ARO:3002668|rmtG	1
ERR4450741	gb|AGE83081.2|ARO:3002308|VIM-38	1
ERR4450741	gb|AGH70380.1|ARO:3002111|CMY-98	1
ERR4450741	gb|AGK40892.1|ARO:3001384|TEM-207	1
ERR4450741	gb|AGN92479.1|ARO:3002784|QnrB72	1
ERR4450741	gb|AGT57825.1|ARO:3003762|lnuE	1
ERR4450741	gb|AGV10830.1|ARO:3002647|APH(3')-IIIa	1
ERR4450741	gb|AGW16417.1|ARO:3001523|OXA-335	1
ERR4450741	gb|AHA11124.1|ARO:3001548|OXA-361	1
ERR4450741	gb|AHA80104.1|ARO:3002115|CMY-103	1
ERR4450741	gb|AHC31001.1|ARO:3001807|OXA-246	1
ERR4450741	gb|AHE40557.1|ARO:3002626|ANT(6)-Ia	1
ERR4450741	gb|AIG19978.1|ARO:3005157|PDC-41	1
ERR4450741	gb|AIG19986.1|ARO:3005146|PDC-49	1
ERR4450741	gb|AIG19992.1|ARO:3005039|PDC-55	1
ERR4450741	gb|AIG20009.1|ARO:3005152|PDC-72	1
ERR4450741	gb|AIL46641.1|ARO:3000579|Cmen_BlaB	1
ERR4450741	gb|AIT76105.1|ARO:3002147|DHA-16	1
ERR4450741	gb|AIT76113.1|ARO:3002174|MIR-9	1
ERR4450741	gb|AIT76116.1|ARO:3002177|MIR-12	1
ERR4450741	gb|AIX48090.1|ARO:3004599|clcD	1
ERR4450741	gb|AIY69088.1|ARO:3003142|IMI-8	1
ERR4450741	gb|AKD43328.1|ARO:3004757|BKC-1	1
ERR4450741	gb|AKR53962.1|ARO:3003596|OXA-440	1
ERR4450741	gb|ALA99189.1|ARO:3001460|OXA-155	1
ERR4450741	gb|ALC79292.1|ARO:3003634|OXA-477	1
ERR4450741	gb|ALL27283.1|ARO:3001452|OXA-140	1
ERR4450741	gb|ALP44181.1|ARO:3007180|MAB	1
ERR4450741	gb|ALZ46148.1|ARO:3007489|dfrB10	1
ERR4450741	gb|AMP42147.1|ARO:3004442|tet(W/N/W)	1
ERR4450741	gb|AMR06225.1|ARO:3003767|mphM	1
ERR4450741	gb|APU52409.1|ARO:3004085|lnuG	1
ERR4450741	gb|APY23841.1|ARO:3004735|ARL-2	1
ERR4450741	gb|ARE65229.1|ARO:3005217|CMY-151	1
ERR4450741	gb|AVM85875.1|ARO:3004698|MCR-5.2	1
ERR4450741	gb|AWA42532.1|ARO:3005028|FRI-5	1
ERR4450741	gb|AWB15813.1|ARO:3005096|GPC-1	1
ERR4450741	gb|AZA07955.1|ARO:3004842|LEN-39	1
ERR4450741	gb|BAA07922.1|ARO:3007972|ACT-GC1	1
ERR4450741	gb|BAC61820.1|ARO:3003151|CARB-22	1
ERR4450741	gb|BAF91108.1|ARO:3000847|KHM-1	1
ERR4450741	gb|BAF95726.1|ARO:3002050|CMY-39	1
ERR4450741	gb|BAJ05825.1|ARO:3002263|IND-7	1
ERR4450741	gb|BAJ17544.1|ARO:3002069|CMY-59	1
ERR4450741	gb|BAL40894.1|ARO:3004770|CIA-3	1
ERR4450741	gb|BAM16262.1|ARO:3004628|AAC(2')-IIa	1
ERR4450741	gb|BAP68758.1|ARO:3001855|ACT-35	1
ERR4450741	gb|BDS51126.1|ARO:3008389|MOX-21	1
ERR4450741	gb|BDT38924.1|ARO:3008183|FOX-21	1
ERR4450741	gb|BDT38929.1|ARO:3008392|MOX-24	1
ERR4450741	gb|BDT65866.1|ARO:3008594|OXA-1176	1
ERR4450741	gb|BEV74468.1|ARO:3009085|VEB-33	1
ERR4450741	gb|BFO05841.1|ARO:3008072|AFM-5	1
ERR4450741	gb|CAA30695.1|ARO:3002685|catIII	1
ERR4450741	gb|CAA52618.1|ARO:3004755|BIL-1	1
ERR4450741	gb|CAA63714.1|ARO:3002364|PER-2	1
ERR4450741	gb|CAA88265.1|ARO:3002898|SAT-3	1
ERR4450741	gb|CAB06660.1|ARO:3004644|Pmir_dfrA6	1
ERR4450741	gb|CAB14620.1|ARO:3002627|aadK	1
ERR4450741	gb|CAB42615.1|ARO:3002394|OXY-1-6	1
ERR4450741	gb|CAC17622.1|ARO:3002515|OCH-2	1
ERR4450741	gb|CAC81324.1|ARO:3003015|dfrA19	1
ERR4450741	gb|CAD56147.1|ARO:3007108|nimF	1
ERR4450741	gb|CAD91132.1|ARO:3002839|lnuF	1
ERR4450741	gb|CAE48335.2|ARO:3002599|AAC6_30_AAC6_Ib	1
ERR4450741	gb|CAF29483.1|ARO:3002653|APH(3')-VIb	1
ERR4450741	gb|CAG34233.2|ARO:3003019|dfrA23	1
ERR4450741	gb|CAJ19619.1|ARO:3002443|OKP-B-10	1
ERR4450741	gb|CAK95243.1|ARO:3003862|ADC-18	1
ERR4450741	gb|CAL85435.1|ARO:3001439|OXA-101	1
ERR4450741	gb|CBZ41939.1|ARO:3005097|mecC-type_BlaZ	1
ERR4450741	gb|CCW28916.1|ARO:3001504|OXA-309	1
ERR4450741	gb|CDM87362.1|ARO:3001559|OXA-373	1
ERR4450741	gb|CFB60580.1|ARO:3001458|OXA-153	1
ERR4450741	gb|CWV56762.1|ARO:3000198|FosX	1
ERR4450741	gb|ENU29139.1|ARO:3001745|OXA-290	1
ERR4450741	gb|ENV82218.1|ARO:3001754|OXA-299	1
ERR4450741	gb|ENX18112.1|ARO:3001757|OXA-302	1
ERR4450741	gb|ENX56371.1|ARO:3001758|OXA-303	1
ERR4450741	gb|EOQ72432.1|ARO:3001727|OXA-271	1
ERR4450741	gb|EOU56998.1|ARO:3004597|Kpne_KpnH	1
ERR4450741	gb|KYO71936.1|ARO:3008207|HMB-2	1
ERR4450741	gb|MBK3756226.1|ARO:3008604|OXA-1188	1
ERR4450741	gb|MBO4154571.1|ARO:3007277|MCR-10.2	1
ERR4450741	gb|MBU9400921.1|ARO:3008993|PEN-A16	1
ERR4450741	gb|MCO4185007.1|ARO:3007926|ACT-161	1
ERR4450741	gb|MCU9167541.1|ARO:3008599|OXA-1183	1
ERR4450741	gb|MDY6468282.1|ARO:3008673|OXA-1263	1
ERR4450741	gb|MFC1252596.1|ARO:3009095|VIM-91	1
ERR4450741	gb|MXJ81313.1|ARO:3008780|OXY-1-16	1
ERR4450741	gb|OUQ50894.1|ARO:3007109|nimG	1
ERR4450741	gb|PRF03901.1|ARO:3009001|PEN-A23	1
ERR4450741	gb|QBY97442.1|ARO:3003643|OXA-486	1
ERR4450741	gb|QHT72949.1|ARO:3005093|OXA-899	1
ERR4450741	gb|QTG68658.1|ARO:3008222|IMP-90	1
ERR4450741	gb|QUR41146.1|ARO:3008830|PDC-483	1
ERR4450741	gb|QWA20179.1|ARO:3008757|OXA-980	1
ERR4450741	gb|QWA20183.1|ARO:3008761|OXA-984	1
ERR4450741	gb|QWA20191.1|ARO:3008769|OXA-992	1
ERR4450741	gb|QWA20198.1|ARO:3008776|OXA-999	1
ERR4450741	gb|UBK05373.1|ARO:3008073|AIM-2	1
ERR4450741	gb|UGN21642.1|ARO:3008116|CMY-179	1
ERR4450741	gb|UGY30527.1|ARO:3007070|MCR-1.33	1
ERR4450741	gb|UNN26061.1|ARO:3008519|OXA-1101	1
ERR4450741	gb|UOU25744.1|ARO:3007982|ADC-266	1
ERR4450741	gb|UTS94211.1|ARO:3008540|OXA-1122	1
ERR4450741	gb|UTT87806.1|ARO:3007892|ACT-109	1
ERR4450741	gb|UZQ18795.1|ARO:3008586|OXA-1168	1
ERR4450741	gb|WDE35085.1|ARO:3008888|PDC-541	1
ERR4450741	gb|WFP34008.1|ARO:3008086|CMH-11	1
ERR4450741	gb|WKB12817.1|ARO:3009051|SHV-232	1
ERR4450741	gb|WKB14827.1|ARO:3008902|PDC-555	1
ERR4450741	gb|WKT28619.1|ARO:3008622|OXA-1212	1
ERR4450741	gb|WP_001100752.1|ARO:3006131|PER-10	1
ERR4450741	gb|WP_004207704.1|ARO:3006992|SGM-6	1
ERR4450741	gb|WP_004384957.1|ARO:3006870|CSA-2	1
ERR4450741	gb|WP_004700205.1|ARO:3006308|ADC-133	1
ERR4450741	gb|WP_004707701.1|ARO:3006306|ADC-131	1
ERR4450741	gb|WP_005046018.1|ARO:3006302|ADC-127	1
ERR4450741	gb|WP_005375420.1|ARO:3005576|CARB-42	1
ERR4450741	gb|WP_009821475.1|ARO:3006987|SGM-1	1
ERR4450741	gb|WP_011495276.1|ARO:3007017|SHD-1	1
ERR4450741	gb|WP_012662081.1|ARO:3005726|OXA-493	1
ERR4450741	gb|WP_013255389.1|ARO:3006997|SPS-1	1
ERR4450741	gb|WP_014206564.1|ARO:3005862|OXA-642	1
ERR4450741	gb|WP_017778762.1|ARO:3007253|MCR-3.27	1
ERR4450741	gb|WP_020848173.1|ARO:3005725|OXA-491	1
ERR4450741	gb|WP_029795186.1|ARO:3005562|CARB-26	1
ERR4450741	gb|WP_031638595.1|ARO:3006731|PDC-361	1
ERR4450741	gb|WP_031691948.1|ARO:3006100|OXA-913	1
ERR4450741	gb|WP_031847165.1|ARO:3005580|CARB-46	1
ERR4450741	gb|WP_032057042.1|ARO:3006018|OXA-820	1
ERR4450741	gb|WP_032068214.1|ARO:3006336|ADC-164	1
ERR4450741	gb|WP_039246976.1|ARO:3006322|ADC-148	1
ERR4450741	gb|WP_041258349.1|ARO:3006887|FIA-1	1
ERR4450741	gb|WP_041385949.1|ARO:3006988|SGM-2	1
ERR4450741	gb|WP_043629745.1|ARO:3006868|CRP-1	1
ERR4450741	gb|WP_043942497.1|ARO:3006976|PST-1	1
ERR4450741	gb|WP_044718369.1|ARO:3006321|ADC-147	1
ERR4450741	gb|WP_045295573.1|ARO:3006855|CMH-3	1
ERR4450741	gb|WP_048209719.1|ARO:3006264|ACT-69	1
ERR4450741	gb|WP_049637206.1|ARO:3005983|OXA-780	1
ERR4450741	gb|WP_052788483.1|ARO:3005832|OXA-611	1
ERR4450741	gb|WP_054448427.1|ARO:3005703|OXA-114c	1
ERR4450741	gb|WP_056517622.1|ARO:3005880|OXA-669	1
ERR4450741	gb|WP_059247009.1|ARO:3006353|ADC-184	1
ERR4450741	gb|WP_063610930.1|ARO:3006876|EC-15	1
ERR4450741	gb|WP_063843236.1|ARO:3006907|CfiA11	1
ERR4450741	gb|WP_063860248.1|ARO:3006877|EC-16	1
ERR4450741	gb|WP_063860454.1|ARO:3006881|EC-8	1
ERR4450741	gb|WP_063860496.1|ARO:3006471|FOX-13	1
ERR4450741	gb|WP_063860831.1|ARO:3006947|LUT-5	1
ERR4450741	gb|WP_063860843.1|ARO:3003140|MOX-10	1
ERR4450741	gb|WP_063864571.1|ARO:3006549|PDC-17	1
ERR4450741	gb|WP_063864750.1|ARO:3006999|SST-1	1
ERR4450741	gb|WP_063865196.1|ARO:3003662|VIM-46	1
ERR4450741	gb|WP_063865205.1|ARO:3006906|CfiA10	1
ERR4450741	gb|WP_064483998.1|ARO:3006510|PDC-133	1
ERR4450741	gb|WP_064511506.1|ARO:3006534|PDC-156	1
ERR4450741	gb|WP_064987478.1|ARO:3006392|ADC-223	1
ERR4450741	gb|WP_065102288.1|ARO:3005467|IMP-60	1
ERR4450741	gb|WP_070233680.1|ARO:3005835|OXA-614	1
ERR4450741	gb|WP_071593233.1|ARO:3005317|OXA-539	1
ERR4450741	gb|WP_076412384.1|ARO:3005715|OXA-114p	1
ERR4450741	gb|WP_078678782.1|ARO:3005548|BlaB-34	1
ERR4450741	gb|WP_078793281.1|ARO:3005693|GOB-44	1
ERR4450741	gb|WP_085562419.1|ARO:3006162|GES-33	1
ERR4450741	gb|WP_086394244.1|ARO:3006423|ADC-253	1
ERR4450741	gb|WP_087587968.1|ARO:3006582|PDC-203	1
ERR4450741	gb|WP_087587969.1|ARO:3006583|PDC-204	1
ERR4450741	gb|WP_094009806.1|ARO:3005278|PDC-118	1
ERR4450741	gb|WP_100831609.1|ARO:3006623|PDC-245	1
ERR4450741	gb|WP_101244936.1|ARO:3006604|PDC-224	1
ERR4450741	gb|WP_101360538.1|ARO:3005534|BlaB-20	1
ERR4450741	gb|WP_102607464.1|ARO:3005794|OXA-572	1
ERR4450741	gb|WP_104531865.1|ARO:3006936|LHK-2	1
ERR4450741	gb|WP_109545089.1|ARO:3005806|OXA-585	1
ERR4450741	gb|WP_109545090.1|ARO:3005807|OXA-586	1
ERR4450741	gb|WP_109545112.1|ARO:3005843|OXA-622	1
ERR4450741	gb|WP_111672905.1|ARO:3005298|PDC-293	1
ERR4450741	gb|WP_114268491.1|ARO:3005323|OXA-926	1
ERR4450741	gb|WP_114699266.1|ARO:3005934|OXA-729	1
ERR4450741	gb|WP_114699274.1|ARO:3005877|OXA-662	1
ERR4450741	gb|WP_116786839.1|ARO:3005484|IMP-79	1
ERR4450741	gb|WP_118860654.1|ARO:3007228|MCR-8.4	1
ERR4450741	gb|WP_122630835.1|ARO:3006925|GRD23-1	1
ERR4450741	gb|WP_122630851.1|ARO:3005310|PDC-313	1
ERR4450741	gb|WP_123002103.1|ARO:3005509|VIM-61	1
ERR4450741	gb|WP_128268243.1|ARO:3005948|OXA-744	1
ERR4450741	gb|WP_128268284.1|ARO:3006982|RSD2-1	1
ERR4450741	gb|WP_136034107.1|ARO:3006152|OKP-C-1	1
ERR4450741	gb|WP_136512054.1|ARO:3006290|ADC-112	1
ERR4450741	gb|WP_136512088.1|ARO:3005997|OXA-797	1
ERR4450741	gb|WP_136512105.1|ARO:3006134|PER-13	1
ERR4450741	gb|WP_140423325.1|ARO:3006703|PDC-333	1
ERR4450741	gb|WP_141989064.1|ARO:3006116|OXA-935	1
ERR4450741	gb|WP_148044415.1|ARO:3005486|IMP-81	1
ERR4450741	gb|WP_150823456.1|ARO:3006371|ADC-202	1
ERR4450741	gb|WP_150823461.1|ARO:3006378|ADC-209	1
ERR4450741	gb|WP_150823491.1|ARO:3005283|PDC-384	1
ERR4450741	gb|WP_150823493.1|ARO:3006755|PDC-386	1
ERR4450741	gb|WP_160164897.1|ARO:3007234|MCR-1.23	1
ERR4450741	gb|WP_164461281.1|ARO:3006273|ACT-79	1
ERR4450741	gb|WP_168247884.1|ARO:3006098|OXA-911	1
ERR4450741	gb|WP_188331884.1|ARO:3007241|MCR-1.29	1
ERR4450741	gb|WP_188331885.1|ARO:3007242|MCR-1.30	1
ERR4450741	gb|WP_188331891.1|ARO:3007254|MCR-3.32	1
ERR4450741	gb|WP_188331893.1|ARO:3007268|MCR-3.34	1
ERR4450741	gb|WP_197749413.1|ARO:3005291|PDC-464	1
ERR4450741	gb|WP_219860731.1|ARO:3007285|MCR-2.8	1
ERR4450741	gb|WVW91702.1|ARO:3008061|ADC-351	1
ERR4450741	gb|WVW91706.1|ARO:3008645|OXA-1235	1
ERR4450741	gb|XAJ73538.1|ARO:3008105|CMH-32	1
ERR4450741	gb|XAJ73541.1|ARO:3007930|ACT-167	1
ERR4450741	gb|XAJ73551.1|ARO:3007940|ACT-177	1
ERR4450741	gb|XBP46892.1|ARO:3008666|OXA-1256	1
ERR4450741	gb|XBS36002.1|ARO:3008415|NDM-70	1
ERR4450741	gb|XGB73469.1|ARO:3008972|PDC-625	1
ERR4450741	gb|XGB73471.1|ARO:3008974|PDC-627	1
ERR4450741	gb|XGB73488.1|ARO:3008681|OXA-1271	1
ERR4450741	gb|XGB73490.1|ARO:3008683|OXA-1273	1
ERR4450741	gb|XGB73492.1|ARO:3008685|OXA-1275	1
