SRR25894125	gb|AAK37618.1|ARO:3005008|TxR	37778
SRR25894125	gb|AAV85982.1|ARO:3000535|macB	30805
SRR25894125	gb|AAC75429.1|ARO:3000833|evgS	21243
SRR25894125	gb|ALH22601.1|ARO:3000620|adeL	18537
SRR25894125	gb|AAC74000.1|ARO:3003950|msbA	14899
SRR25894125	gb|NP_862226.1|ARO:3004639|Cstr_tetA	14379
SRR25894125	gb|ADZ12699.1|ARO:3005091|RanA	12738
SRR25894125	gb|AAG05882.1|ARO:3000804|MexF	12132
SRR25894125	gb|BAD59497.1|ARO:3000501|rpoB2	11939
SRR25894125	gb|AAG07064.1|ARO:3003693|MexK	11571
SRR25894125	gb|ACJ41547.2|ARO:3004574|Abau_AbaQ	11305
SRR25894125	gb|CAA79966.1|ARO:3003665|NmcR	10783
SRR25894125	gb|AAA99504.1|ARO:3002987|bcrA	10667
SRR25894125	gb|APB03219.1|ARO:3003986|TaeA	10376
SRR25894125	gb|AAF67494.2|ARO:3002522|novA	10259
SRR25894125	gb|ABO11759.2|ARO:3004573|Abau_AbaF	9943
SRR25894125	gb|ATC67679.1|ARO:3000838|arlR	9494
SRR25894125	gb|WP_041777404.1|ARO:3004480|Bado_rpoB_RIF	9374
SRR25894125	gb|SIP52035.1|ARO:3004054|Paer_CpxR	9357
SRR25894125	gb|AAA26793.1|ARO:3003748|oleC	8763
SRR25894125	gb|APB03214.1|ARO:3003980|tetA(58)	8716
SRR25894125	gb|AAG07763.1|ARO:3003031|MexW	8698
SRR25894125	gb|BAE06006.1|ARO:3003705|mexN	7887
SRR25894125	gb|AAG03548.1|ARO:3003681|TriC	7863
SRR25894125	gb|AAA74437.1|ARO:3000378|MexB	7734
SRR25894125	gb|AAG05188.1|ARO:3005068|ParR	7205
SRR25894125	gb|AAG06465.1|ARO:3005063|cprR	7166
SRR25894125	gb|AAG05187.1|ARO:3005067|ParS	7101
SRR25894125	gb|AAG05915.1|ARO:3004074|MuxB	6921
SRR25894125	gb|BAB38260.1|ARO:3000830|cpxA	6749
SRR25894125	gb|AAG07594.1|ARO:3000808|MexI	6590
SRR25894125	gb|AAG06942.1|ARO:3002985|arnA	6302
SRR25894125	gb|AKA86814.1|ARO:3003746|optrA	6212
SRR25894125	gb|AAA26832.1|ARO:3002827|tlrC	5626
SRR25894125	gb|AAD51348.1|ARO:3003066|smeR	5567
SRR25894125	gb|AAC73788.1|ARO:3003841|kdpE	5450
SRR25894125	gb|WKR28567.1|ARO:3007678|IreK	5376
SRR25894125	gb|AAC75271.1|ARO:3003952|YojI	5268
SRR25894125	gb|AAD51347.1|ARO:3003067|smeS	5171
SRR25894125	gb|AAG05914.1|ARO:3004075|MuxC	4860
SRR25894125	gb|CDO61516.1|ARO:3003949|efrB	4555
SRR25894125	gb|VWQ00850.1|ARO:3003843|leuO	4541
SRR25894125	gb|AAC75137.1|ARO:3000794|mdtC	4521
SRR25894125	gb|ABD30512.1|ARO:3000839|arlS	4421
SRR25894125	gb|BAB36671.1|ARO:3000832|evgA	4366
SRR25894125	gb|CAA53189.1|ARO:3000521|Saur_mupA_MUP	4336
SRR25894125	gb|AEX49906.1|ARO:3003583|basS	4318
SRR25894125	gb|CAA37477.1|ARO:3002891|otr(A)S.rim	4245
SRR25894125	gb|ADP36409.1|ARO:3003730|Bbif_ileS_MUP	4180
SRR25894125	gb|AAG05881.1|ARO:3000803|MexE	4176
SRR25894125	gb|CDO12042.1|ARO:3005053|ArnT	4176
SRR25894125	gb|CAC14595.1|ARO:3003056|smeE	4164
SRR25894125	gb|AAL14440.1|ARO:3000775|adeB	4118
SRR25894125	gb|AAA50325.1|ARO:3003036|oleB	4089
SRR25894125	gb|ACL82957.1|ARO:3002928|vanR_in_vanM_cl	3985
SRR25894125	gb|AEY83581.1|ARO:3000510|Saur_mupB_MUP	3940
SRR25894125	gb|AAC75314.1|ARO:3003578|PmrF	3935
SRR25894125	gb|CAH14033.1|ARO:3004100|LpeB	3917
SRR25894125	gb|ALV80601.1|ARO:3003801|bcr-1	3903
SRR25894125	gb|AIA35096.1|ARO:3005059|LptD	3875
SRR25894125	gb|ABX00624.1|ARO:3002881|lmrC	3798
SRR25894125	gb|AAG05883.1|ARO:3000805|OprN	3791
SRR25894125	gb|AAG05913.1|ARO:3004072|OpmB	3783
SRR25894125	gb|AAC75136.1|ARO:3000793|mdtB	3748
SRR25894125	gb|AAN33774.1|ARO:3003772|Bsui_mprF	3644
SRR25894125	gb|AAR84672.1|ARO:3002925|vanR_in_vanF_cl	3605
SRR25894125	gb|AAC73564.1|ARO:3000216|acrB	3572
SRR25894125	gb|AAB36568.1|ARO:3002700|cmlv	3547
SRR25894125	gb|AAK37619.1|ARO:3000481|tet(35)	3540
SRR25894125	gb|WP_102607457.1|ARO:3004361|sul4	3503
SRR25894125	gb|AAB41957.1|ARO:3000801|MexD	3473
SRR25894125	gb|AAG08359.1|ARO:3003682|OpmH	3441
SRR25894125	gb|AET10445.1|ARO:3004033|tetB(46)	3427
SRR25894125	gb|WP_104671188.1|ARO:3003948|efrA	3394
SRR25894125	gb|AAC75089.1|ARO:3003577|ugd	3326
SRR25894125	gb|NP_388442.1|ARO:3004476|vmlR	3305
SRR25894125	gb|BAE77933.1|ARO:3000518|CRP	3284
SRR25894125	gb|AAG04750.1|ARO:3004077|PmpM	3249
SRR25894125	gb|AAK76137.1|ARO:3000024|patA	3228
SRR25894125	gb|AAC76093.1|ARO:3002986|bacA	3184
SRR25894125	gb|AAC32027.1|ARO:3002817|carA	3182
SRR25894125	gb|AAK76136.1|ARO:3000025|patB	3152
SRR25894125	gb|APB03222.1|ARO:3003992|rphB	3108
SRR25894125	gb|CAA45050.1|ARO:3002828|srmB	3099
SRR25894125	gb|AVI44920.1|ARO:3004470|poxtA	2994
SRR25894125	gb|AAG07762.1|ARO:3003030|MexV	2989
SRR25894125	gb|AAL19308.1|ARO:3000504|golS	2956
SRR25894125	gb|AAC60780.1|ARO:3003049|rosB	2848
SRR25894125	gb|AAG03816.1|ARO:3000379|OprM	2812
SRR25894125	gb|ADM92605.1|ARO:3000553|adeR	2809
SRR25894125	gb|AYV52072.1|ARO:3002882|lmrD	2747
SRR25894125	gb|AAX14802.1|ARO:3000781|adeJ	2736
SRR25894125	gb|AAG03814.1|ARO:3000377|MexA	2705
SRR25894125	gb|CDO13836.1|ARO:3005044|OmpA	2658
SRR25894125	gb|AAC75733.1|ARO:3000074|emrB	2633
SRR25894125	gb|CYF42523.1|ARO:3004047|kdpD	2621
SRR25894125	gb|BAA16344.1|ARO:3000491|acrD	2607
SRR25894125	gb|AAC76298.1|ARO:3000502|AcrF	2547
SRR25894125	gb|AAP43110.2|ARO:3003923|oqxB	2521
SRR25894125	gb|AAA20117.1|ARO:3000195|tetB(P)	2505
SRR25894125	gb|AAF01499.1|ARO:3000193|tet(T)	2493
SRR25894125	gb|AAB05622.1|ARO:3002921|vanR_in_vanB_cl	2443
SRR25894125	gb|AEA37904.1|ARO:3003112|lsaC	2441
SRR25894125	gb|AVK94777.1|ARO:3004694|MCR-4.2	2428
SRR25894125	gb|MBY8651254.1|ARO:3007188|vanH_in_vanP_cl	2426
SRR25894125	gb|AAN28945.1|ARO:3003785|Ctra_murA_FOF	2403
SRR25894125	gb|BAE85478.1|ARO:3003728|vanR_in_vanI_cl	2387
SRR25894125	gb|AAC60781.1|ARO:3003048|rosA	2291
SRR25894125	gb|AAR96051.1|ARO:3002894|otr(C)	2264
SRR25894125	gb|ABA71733.1|ARO:3002972|vanT_in_vanG_cl	2263
SRR25894125	gb|AAG07065.1|ARO:3003692|MexJ	2255
SRR25894125	gb|AAB05626.1|ARO:3002943|vanH_in_vanB_cl	2205
SRR25894125	gb|AAG03546.1|ARO:3003679|TriA	2179
SRR25894125	gb|CAJ77856.1|ARO:3000777|adeF	2161
SRR25894125	gb|AAL19305.1|ARO:3000790|mdsB	2076
SRR25894125	gb|AAV85981.1|ARO:3000533|macA	2017
SRR25894125	gb|ACN32294.1|ARO:3000237|TolC	2015
SRR25894125	gb|MCO7070877.1|ARO:3007433|almE	1987
SRR25894125	gb|ANZ79240.1|ARO:3004035|tetA(60)	1975
SRR25894125	gb|NP_216393.1|ARO:3007662|Rv1877	1967
SRR25894125	gb|AAG03547.1|ARO:3003680|TriB	1956
SRR25894125	gb|ANZ79241.1|ARO:3004036|tetB(60)	1937
SRR25894125	gb|AHA41505.1|ARO:3002930|vanR_in_vanO_cl	1933
SRR25894125	gb|AAD44693.1|ARO:3000816|mtrA	1900
SRR25894125	gb|AAM09850.1|ARO:3002944|vanH_in_vanD_cl	1885
SRR25894125	gb|AAF40764.1|ARO:3003962|farB	1877
SRR25894125	gb|BAE06005.1|ARO:3003704|mexM	1865
SRR25894125	gb|ABS43151.1|ARO:3000784|cmeB	1847
SRR25894125	gb|AAD08227.1|ARO:3003964|hp1181	1831
SRR25894125	gb|AAG05916.1|ARO:3004073|MuxA	1777
SRR25894125	gb|BAE78084.1|ARO:3003548|mdtN	1771
SRR25894125	gb|AAC16242.1|ARO:3005069|rsmA	1751
SRR25894125	gb|CAA09666.1|ARO:3004122|Kpne_OmpK37	1672
SRR25894125	gb|AHA41499.1|ARO:3002948|vanH_in_vanO_cl	1659
SRR25894125	gb|AAB64408.1|ARO:3007050|mreA	1641
SRR25894125	gb|AAG07593.1|ARO:3000807|MexH	1641
SRR25894125	gb|AAF42062.1|ARO:3000811|mtrD	1640
SRR25894125	gb|BAA34300.1|ARO:3003033|mexY	1616
SRR25894125	gb|AMD83542.1|ARO:3007669|aadT	1614
SRR25894125	gb|AET10444.1|ARO:3004032|tetA(46)	1611
SRR25894125	gb|AAL27445.1|ARO:3002924|vanR_in_vanE_cl	1609
SRR25894125	gb|AGV28567.1|ARO:3000559|adeN	1598
SRR25894125	gb|AIA08936.1|ARO:3000444|rphA	1595
SRR25894125	gb|AAB58161.1|ARO:3003010|ceoB	1586
SRR25894125	gb|AAD04032.1|ARO:3002892|otr(B)	1555
SRR25894125	gb|AAF40763.1|ARO:3003961|farA	1545
SRR25894125	gb|AAF63432.1|ARO:3003744|vatF	1528
SRR25894125	gb|AAP43109.1|ARO:3003922|oqxA	1520
SRR25894125	gb|AAG03380.1|ARO:3002703|cmx	1519
SRR25894125	gb|BAD58386.1|ARO:3007210|Nfar_rox	1487
SRR25894125	gb|BAE06008.1|ARO:3003699|mexQ	1463
SRR25894125	gb|TKW44661.1|ARO:3005040|YajC	1427
SRR25894125	gb|AAC76296.1|ARO:3000656|AcrS	1417
SRR25894125	gb|BAA16547.1|ARO:3000027|emrA	1417
SRR25894125	gb|AAA25550.1|ARO:3003105|dfrA3	1408
SRR25894125	gb|ADZ12700.1|ARO:3005090|RanB	1389
SRR25894125	gb|AEP40504.1|ARO:3002940|vanS_in_vanN_cl	1377
SRR25894125	gb|ADO96486.1|ARO:3003953|hmrM	1365
SRR25894125	gb|AAB41059.1|ARO:3002884|iri	1352
SRR25894125	gb|SOX29786.1|ARO:3004730|tva(A)	1344
SRR25894125	gb|NP_217372.1|ARO:3007659|Rv2856	1329
SRR25894125	gb|ADM92606.1|ARO:3000549|adeS	1319
SRR25894125	gb|APE19944.1|ARO:3007209|Sven_rox	1314
SRR25894125	gb|ABA71728.1|ARO:3002937|vanS_in_vanG_cl	1308
SRR25894125	gb|AHA41504.1|ARO:3002941|vanS_in_vanO_cl	1263
SRR25894125	gb|AAF86641.1|ARO:3002922|vanR_in_vanC_cl	1254
SRR25894125	gb|CAL84423.1|ARO:3004146|cfrC	1235
SRR25894125	gb|AAC75135.2|ARO:3000792|mdtA	1223
SRR25894125	gb|BAA07390.1|ARO:3002893|tcr3	1192
SRR25894125	gb|AAA65953.1|ARO:3002919|vanR_in_vanA_cl	1187
SRR25894125	gb|BAA07072.1|ARO:3002812|pp-flo	1186
SRR25894125	gb|WHL54874.1|ARO:3007694|AMZ-1	1185
SRR25894125	gb|BAA11237.1|ARO:3000254|emrY	1179
SRR25894125	gb|CBH51823.1|ARO:3000556|tet(44)	1162
SRR25894125	gb|AAA65954.1|ARO:3002931|vanS_in_vanA_cl	1151
SRR25894125	gb|MBY8651250.1|ARO:3007192|vanS_in_vanP_cl	1145
SRR25894125	gb|AAA86871.1|ARO:3002841|vatB	1105
SRR25894125	gb|BAA11236.1|ARO:3000206|emrK	1102
SRR25894125	gb|ABG77965.1|ARO:3004042|Eclo_acrA	1098
SRR25894125	gb|EGP45231.1|ARO:3004144|AxyY	1087
SRR25894125	gb|BAB41874.1|ARO:3000815|mgrA	1070
SRR25894125	gb|AAC76539.1|ARO:3000796|mdtF	1054
SRR25894125	gb|ACL82958.1|ARO:3002939|vanS_in_vanM_cl	1054
SRR25894125	gb|ACS83748.1|ARO:3000573|tet(43)	1052
SRR25894125	gb|BAD89844.2|ARO:3000753|abeM	1045
SRR25894125	gb|ACH87088.1|ARO:3000196|tet(32)	1020
SRR25894125	gb|CAJ77855.1|ARO:3000779|adeH	1001
SRR25894125	gb|QIM09823.1|ARO:3005056|tet(X6)	999
SRR25894125	gb|AAA22081.1|ARO:3004451|Afab_ACT_CHL	993
SRR25894125	gb|CAH35802.1|ARO:3002983|amrB	980
SRR25894125	gb|AEP40503.1|ARO:3002929|vanR_in_vanN_cl	978
SRR25894125	gb|MBY8651251.1|ARO:3007191|vanR_in_vanP_cl	967
SRR25894125	gb|AJP12342.1|ARO:3007637|cplR	958
SRR25894125	gb|WP_082039181.1|ARO:3007028|salD	953
SRR25894125	gb|AAA25293.1|ARO:3000192|tet(S)	926
SRR25894125	gb|AAG05661.1|ARO:3004107|Paer_soxR	918
SRR25894125	gb|AQX82857.1|ARO:3004185|mecD	903
SRR25894125	gb|BAI83385.1|ARO:3003440|mecB	898
SRR25894125	gb|BAH45481.1|ARO:3002815|clbB	893
SRR25894125	gb|CBY88983.1|ARO:3002833|vgaE	886
SRR25894125	gb|APB03216.1|ARO:3003982|LlmA_23S_CLI	870
SRR25894125	gb|AAL20862.1|ARO:3000826|sdiA	847
SRR25894125	gb|BAB80490.1|ARO:3007644|Cper_cplR	840
SRR25894125	gb|AAG08375.1|ARO:3004038|Paer_emrE	836
SRR25894125	gb|AAA23033.2|ARO:3000190|tet(O)	833
SRR25894125	gb|AAF36802.1|ARO:3002945|vanH_in_vanF_cl	832
SRR25894125	gb|ABX54691.1|ARO:3002927|vanR_in_vanL_cl	823
SRR25894125	gb|CAC14596.1|ARO:3003057|smeF	820
SRR25894125	gb|ABA71727.1|ARO:3002926|vanR_in_vanG_cl	819
SRR25894125	gb|UXD71803.1|ARO:3007459|EstT	817
SRR25894125	gb|AHB37625.1|ARO:3004715|Scoh_vga(E)	814
SRR25894125	gb|AAL09826.1|ARO:3007124|tet(W/32/O)	813
SRR25894125	gb|BAE77778.1|ARO:3000508|gadX	813
SRR25894125	gb|CCI79240.1|ARO:3005047|eptB	799
SRR25894125	gb|CAD55718.1|ARO:3000197|tet(36)	798
SRR25894125	gb|AAB41956.1|ARO:3000800|MexC	796
SRR25894125	gb|AAA65955.1|ARO:3002942|vanH_in_vanA_cl	782
SRR25894125	gb|AAC73565.1|ARO:3004043|Ecol_acrA	782
SRR25894125	gb|EHL92831.1|ARO:3004588|Kpne_KpnG	775
SRR25894125	gb|ABV18113.1|ARO:3001329|mdtG	771
SRR25894125	gb|AAG07595.1|ARO:3000809|OpmD	769
SRR25894125	gb|WP_087587942.1|ARO:3005775|OXA-551	767
SRR25894125	gb|AAD51344.1|ARO:3003051|smeA	753
SRR25894125	gb|CAA10975.1|ARO:3000194|tet(W)	739
SRR25894125	gb|CAJ77857.1|ARO:3000778|adeG	710
SRR25894125	gb|AKC61310.1|ARO:3007645|Cspo_cplR	705
SRR25894125	gb|CCC86795.1|ARO:3001209|mecC	702
SRR25894125	gb|WP_087587939.1|ARO:3005772|OXA-548	695
SRR25894125	gb|AAL59753.1|ARO:3000412|sul2	692
SRR25894125	gb|WMY66391.1|ARO:3007682|MdtQ	678
SRR25894125	gb|ABX54687.1|ARO:3002910|vanL	677
SRR25894125	gb|BAB43261.1|ARO:3007013|sdrM	676
SRR25894125	gb|AAB95639.1|ARO:3000118|vgaB	656
SRR25894125	gb|AAS79458.1|ARO:3001302|chrB	656
SRR25894125	gb|AAP26981.1|ARO:3005045|SatA	652
SRR25894125	gb|APB03215.1|ARO:3003981|tetB(58)	646
SRR25894125	gb|AFK80333.1|ARO:3001313|facT	636
SRR25894125	gb|AAC43969.1|ARO:3003037|opcM	632
SRR25894125	gb|ABH10964.1|ARO:3002830|vgaALC	625
SRR25894125	gb|ABX54692.1|ARO:3002938|vanS_in_vanL_cl	622
SRR25894125	gb|CAA42594.1|ARO:3002690|Sliv_cmlR	620
SRR25894125	gb|AAC75731.1|ARO:3000516|emrR	619
SRR25894125	gb|AAC45805.1|ARO:3002702|cmrA	618
SRR25894125	gb|CAC14594.1|ARO:3003055|smeD	618
SRR25894125	gb|AAL05553.1|ARO:3003206|lsaE	607
SRR25894125	gb|AAB41958.1|ARO:3000802|OprJ	599
SRR25894125	gb|AJD73064.1|ARO:3001301|RlmA(II)	594
SRR25894125	gb|CCN31428.1|ARO:3005049|CrcB	592
SRR25894125	gb|AAO43110.1|ARO:3000300|lsaA	588
SRR25894125	gb|BAE06009.1|ARO:3003700|opmE	588
SRR25894125	gb|QHW12375.1|ARO:3005087|msrF	588
SRR25894125	gb|AAG06466.1|ARO:3005064|cprS	586
SRR25894125	gb|AFH35853.1|ARO:3001328|Ecol_mdfA	586
SRR25894125	gb|AAD22403.1|ARO:3002970|vanT_in_vanC_cl	576
SRR25894125	gb|DAC81085.1|ARO:3005088|msrH	567
SRR25894125	gb|AAL19304.1|ARO:3000791|mdsC	565
SRR25894125	gb|AAC74149.2|ARO:3001216|mdtH	562
SRR25894125	gb|AGN74946.1|ARO:3003749|salA	560
SRR25894125	gb|ACL82960.1|ARO:3002947|vanH_in_vanM_cl	554
SRR25894125	gb|AAF86642.1|ARO:3002933|vanS_in_vanC_cl	545
SRR25894125	gb|AAC76297.1|ARO:3000499|AcrE	542
SRR25894125	gb|AAD51345.1|ARO:3003052|smeB	538
SRR25894125	gb|AHA41500.1|ARO:3002913|vanO	537
SRR25894125	gb|CAH35803.1|ARO:3002982|amrA	537
SRR25894125	gb|EGP45230.2|ARO:3004142|OprZ	537
SRR25894125	gb|AAK01167.1|ARO:3002819|msrC	534
SRR25894125	gb|ACB05808.1|ARO:3003109|msrE	534
SRR25894125	gb|ACJ41739.1|ARO:3000780|adeI	525
SRR25894125	gb|CCP45647.1|ARO:3003955|efpA	524
SRR25894125	gb|QBQ85438.1|ARO:3004719|tet(X3)	520
SRR25894125	gb|AEP40502.2|ARO:3002975|vanT_in_vanN_cl	518
SRR25894125	gb|AAL27442.1|ARO:3002907|vanE	515
SRR25894125	gb|AUI38915.1|ARO:3004695|MCR-4.3	511
SRR25894125	gb|AAB05623.1|ARO:3002932|vanS_in_vanB_cl	509
SRR25894125	gb|ACQ82816.1|ARO:3004577|Abau_AmvA	506
SRR25894125	gb|AAD51346.1|ARO:3003053|smeC	501
SRR25894125	gb|AAL27446.1|ARO:3002935|vanS_in_vanE_cl	494
SRR25894125	gb|QQA64075.1|ARO:3007043|msr(I)	485
SRR25894125	gb|MBW0770001.1|ARO:3007026|salB	484
SRR25894125	gb|WP_002289367.1|ARO:3007011|mdeA	484
SRR25894125	gb|AAA99503.1|ARO:3003250|bcrC	483
SRR25894125	gb|BAM10414.1|ARO:3003039|OprA	483
SRR25894125	gb|ABG86067.1|ARO:3003773|Cper_mprF	481
SRR25894125	gb|AFK13828.1|ARO:3000823|ramA	475
SRR25894125	gb|AEP40500.1|ARO:3002912|vanN	474
SRR25894125	gb|XP_753111.1|ARO:3003942|abcA	470
SRR25894125	gb|ABZ01840.1|ARO:3005043|cmlA9	467
SRR25894125	gb|ACX92986.2|ARO:3002832|vgaD	465
SRR25894125	gb|ABA71731.1|ARO:3002909|vanG	458
SRR25894125	gb|MBW0764195.1|ARO:3007027|salC	458
SRR25894125	gb|BAA15221.2|ARO:3000263|marA	456
SRR25894125	gb|BAJ10053.1|ARO:3002874|FosC2	449
SRR25894125	gb|AEO25219.1|ARO:3004651|lin	447
SRR25894125	gb|AAA88560.1|ARO:3004699|sta	444
SRR25894125	gb|AXF35727.1|ARO:3005121|lsaD	443
SRR25894125	gb|AXY65402.1|ARO:3005021|cfr(D)	440
SRR25894125	gb|QBQ69719.1|ARO:3004720|tet(X4)	438
SRR25894125	gb|QFQ03949.1|ARO:3005051|LpsB	438
SRR25894125	gb|CBL58195.1|ARO:3002831|vgaC	434
SRR25894125	gb|AAM09849.1|ARO:3000005|vanD	431
SRR25894125	gb|CAA64891.1|ARO:3000812|mtrE	431
SRR25894125	gb|QNR09092.1|ARO:3007042|msr(G)	422
SRR25894125	gb|ANK04027.1|ARO:3003838|gadW	418
SRR25894125	gb|WP_011094382.1|ARO:3006903|CAR-1	418
SRR25894125	gb|BAB35162.1|ARO:3000676|H-NS	416
SRR25894125	gb|RHO92765.1|ARO:3005023|cfrE	416
SRR25894125	gb|AAK97755.1|ARO:3000167|tet(C)	412
SRR25894125	gb|AAR29969.1|ARO:3007121|tet(O/W)	410
SRR25894125	gb|CAE00499.1|ARO:3003835|cdeA	410
SRR25894125	gb|BAD63613.1|ARO:3002816|clbC	408
SRR25894125	gb|CAA79727.1|ARO:3000191|tet(Q)	407
SRR25894125	gb|APM84516.1|ARO:3005150|PAC-1	397
SRR25894125	gb|WP_096809342.1|ARO:3007029|salE	396
SRR25894125	gb|AAF27726.1|ARO:3002694|cmlA4	394
SRR25894125	gb|AAL19306.1|ARO:3000789|mdsA	389
SRR25894125	gb|AAR84673.1|ARO:3002936|vanS_in_vanF_cl	382
SRR25894125	gb|AAM09851.1|ARO:3002923|vanR_in_vanD_cl	377
SRR25894125	gb|AGC51118.1|ARO:3000617|mecA	374
SRR25894125	gb|BAE78082.1|ARO:3003550|mdtP	368
SRR25894125	gb|CAL48457.1|ARO:3002857|dfrA26	364
SRR25894125	gb|AML99881.1|ARO:3001327|MdtK	360
SRR25894125	gb|CAL64019.1|ARO:3003441|cfrA	360
SRR25894125	gb|CAC99773.1|ARO:3003770|Lmon_mprF	357
SRR25894125	gb|KIX81495.1|ARO:3002813|lmrB	355
SRR25894125	gb|ABX54690.1|ARO:3002974|vanTr_in_vanL	352
SRR25894125	gb|CAA36304.1|ARO:3000251|msrA	351
SRR25894125	gb|ACJ63260.1|ARO:3000413|sul3	344
SRR25894125	gb|CAD70268.1|ARO:3002704|fexA	340
SRR25894125	gb|BAE77781.1|ARO:3000795|mdtE	338
SRR25894125	gb|CCA59315.1|ARO:3007208|HelR	336
SRR25894125	gb|KTE89608.1|ARO:3003723|vanI	334
SRR25894125	gb|AAA98298.1|ARO:3002545|AAC(6')-Ia	332
SRR25894125	gb|AAL14439.1|ARO:3000774|adeA	331
SRR25894125	gb|AEZ36150.1|ARO:3000448|QepA1	331
SRR25894125	gb|AAF86220.1|ARO:3002844|vatE	328
SRR25894125	gb|BAA14147.1|ARO:3004667|Saur_norA	325
SRR25894125	gb|AAU95768.1|ARO:3000026|mepA	324
SRR25894125	gb|ALX99516.1|ARO:3003811|adeC	322
SRR25894125	gb|AAX14803.1|ARO:3000782|adeK	312
SRR25894125	gb|BAJ09383.1|ARO:3003046|qacA	306
SRR25894125	gb|AAA26830.1|ARO:3007127|otr(A)S.liv	304
SRR25894125	gb|MBY8651253.1|ARO:3007189|vanP	303
SRR25894125	gb|AGZ55247.1|ARO:3002814|clbA	302
SRR25894125	gb|BAC11911.1|ARO:3003551|emeA	299
SRR25894125	gb|AAD09860.1|ARO:3000561|tet(30)	297
SRR25894125	gb|CAA78046.1|ARO:3002701|Rfas_cmr	292
SRR25894125	gb|ACL82961.1|ARO:3002911|vanM	290
SRR25894125	gb|AKQ05896.1|ARO:3004587|tet(52)	288
SRR25894125	gb|AAP93922.1|ARO:3000569|tet(41)	283
SRR25894125	gb|AAL27444.1|ARO:3002971|vanT_in_vanE_cl	282
SRR25894125	gb|AAF36803.1|ARO:3002908|vanF	280
SRR25894125	gb|BAE06007.1|ARO:3003698|mexP	279
SRR25894125	gb|CAB13167.1|ARO:3003064|ykkD	278
SRR25894125	gb|BAB82500.1|ARO:3000186|tet(M)	277
SRR25894125	gb|AAK99679.1|ARO:3000822|pmrA	274
SRR25894125	gb|AAA24786.1|ARO:3000368|vanC	273
SRR25894125	gb|AAC43550.1|ARO:3003967|lfrA	266
SRR25894125	gb|AAP82271.1|ARO:3004123|Bpse_Omp38	265
SRR25894125	gb|ACD35503.1|ARO:3000572|tet(42)	265
SRR25894125	gb|AAC69328.1|ARO:3001265|Erm(30)	263
SRR25894125	gb|AAA99931.1|ARO:3003060|tsnR	261
SRR25894125	gb|WP_087587940.1|ARO:3005773|OXA-549	256
SRR25894125	gb|AAA65956.1|ARO:3000010|vanA	254
SRR25894125	gb|AJP77059.1|ARO:3003670|PEDO-1	254
SRR25894125	gb|CAC41371.2|ARO:3007119|tet(O/32/O)	253
SRR25894125	gb|WP_124470450.1|ARO:3007494|tet(64)	249
SRR25894125	gb|ACF70723.1|ARO:3004103|QepA2	246
SRR25894125	gb|AAF42063.1|ARO:3000810|mtrC	241
SRR25894125	gb|CAL34518.1|ARO:3000526|cmeR	241
SRR25894125	gb|ANZ79476.1|ARO:3003908|Erm(47)	237
SRR25894125	gb|CAC04522.1|ARO:3002514|OCH-1	235
SRR25894125	gb|AAS68233.1|ARO:3000391|norA	226
SRR25894125	gb|AAB58160.1|ARO:3003009|ceoA	224
SRR25894125	gb|AEA07977.1|ARO:3004641|AAC(6')-I-43	223
SRR25894125	gb|CAL30186.1|ARO:3002699|cmlB1	223
SRR25894125	gb|AUW34363.1|ARO:3009041|RSC1-1	222
SRR25894125	gb|BAO79518.1|ARO:3003207|FosK	213
SRR25894125	gb|CAA75663.1|ARO:3000175|tet(H)	213
SRR25894125	gb|ACH58991.1|ARO:3002484|LRA-13	209
SRR25894125	gb|AAA27471.1|ARO:3000205|tet(X)	208
SRR25894125	gb|WP_001572373.1|ARO:3004684|MCR-9.1	207
SRR25894125	gb|ACX65640.1|ARO:3003907|cipA	205
SRR25894125	gb|AAC61671.1|ARO:3002842|vatC	199
SRR25894125	gb|AAW66497.1|ARO:3000566|tet(39)	198
SRR25894125	gb|ABP49606.1|ARO:3001818|ACC-4	198
SRR25894125	gb|AAD22144.1|ARO:3002698|cmlB	197
SRR25894125	gb|AHH83938.1|ARO:3000013|vanB	196
SRR25894125	gb|BAE78116.1|ARO:3003576|eptA	196
SRR25894125	gb|CAC41008.1|ARO:3004041|Kpne_acrA	194
SRR25894125	gb|CCP44758.1|ARO:3000392|Erm(37)	194
SRR25894125	gb|AAD12162.1|ARO:3001299|Sfra_tlrB_TYL	188
SRR25894125	gb|CAA25854.1|ARO:3002659|APH(6)-Ic	186
SRR25894125	gb|AAC77293.1|ARO:3001214|mdtM	185
SRR25894125	gb|WP_122630829.1|ARO:3006872|DHT2-1	185
SRR25894125	gb|AAF94716.1|ARO:3004289|Vcho_varG	184
SRR25894125	gb|CAA03986.1|ARO:3000343|tap	181
SRR25894125	gb|BFD45354.1|ARO:3009032|PNC-1	178
SRR25894125	gb|ACJ59254.1|ARO:3000768|abeS	177
SRR25894125	gb|CAE18141.1|ARO:3003111|lsaB	177
SRR25894125	gb|QXM27671.1|ARO:3007848|NWM-1	173
SRR25894125	gb|CAA88265.1|ARO:3002898|SAT-3	172
SRR25894125	gb|AAW38464.1|ARO:3004572|Saur_LmrS	171
SRR25894125	gb|AVM85875.1|ARO:3004698|MCR-5.2	170
SRR25894125	gb|CAH14032.1|ARO:3004099|LpeA	170
SRR25894125	gb|BAA03674.1|ARO:3001300|myrA	165
SRR25894125	gb|BAA23130.1|ARO:3002493|SRT-1	165
SRR25894125	gb|CAC47933.1|ARO:3005166|tet(X1)	159
SRR25894125	gb|BAA34299.1|ARO:3003034|mexX	158
SRR25894125	gb|CAA11473.1|ARO:3002678|Paer_catB6	158
SRR25894125	gb|AAA98096.1|ARO:3000595|ErmT	157
SRR25894125	gb|ACJ63262.1|ARO:3003107|mef(B)	155
SRR25894125	gb|ARB93503.1|ARO:3004603|tet(56)	154
SRR25894125	gb|BAG75524.1|ARO:3003954|efmA	154
SRR25894125	gb|WP_242934127.1|ARO:3007274|MCR-10.5	148
SRR25894125	gb|AAF86697.1|ARO:3001817|ACC-3	146
SRR25894125	gb|CAB13166.1|ARO:3003063|ykkC	144
SRR25894125	gb|ATL63232.1|ARO:3004544|mphJ	143
SRR25894125	gb|AAB84282.1|ARO:3000181|tet(V)	140
SRR25894125	gb|AAB53445.1|ARO:3002897|SAT-4	139
SRR25894125	gb|AAM92461.1|ARO:3002680|catB8	139
SRR25894125	gb|ACH58985.1|ARO:3002485|LRA-2	138
SRR25894125	gb|AAP74657.1|ARO:3000600|Erm(34)	137
SRR25894125	gb|ACL13298.1|ARO:3003110|catB10	137
SRR25894125	gb|AAZ42322.1|ARO:3005098|qacL	133
SRR25894125	gb|ACZ65153.1|ARO:3002265|IND-9	133
SRR25894125	gb|CAB60001.1|ARO:3000326|ErmE	133
SRR25894125	gb|WP_033642964.1|ARO:3006853|SRT-3	133
SRR25894125	gb|AUR80098.1|ARO:3004517|MCR-7.1	132
SRR25894125	gb|AAG04518.1|ARO:3000149|FosA	131
SRR25894125	gb|AAL73129.1|ARO:3000616|mel	131
SRR25894125	gb|QNR09091.1|ARO:3007044|mef(F)	129
SRR25894125	gb|AAQ10694.1|ARO:3003047|qacB	127
SRR25894125	gb|AJP77057.1|ARO:3003718|MSI-1	125
SRR25894125	gb|EGP45232.2|ARO:3004143|AxyX	121
SRR25894125	gb|AEV23046.1|ARO:3007019|fexB	120
SRR25894125	gb|AKQ05894.1|ARO:3004584|tet(50)	120
SRR25894125	gb|WP_011497575.1|ARO:3006994|SHN-1	116
SRR25894125	gb|AHH86051.1|ARO:3004063|EdeQ	114
SRR25894125	gb|AEZ05106.1|ARO:3002587|AAC(6')-I33	111
SRR25894125	gb|AAS07017.3|ARO:3002494|SRT-2	109
SRR25894125	gb|BAE15963.1|ARO:3002868|dfrG	109
SRR25894125	gb|BCG06510.1|ARO:3007266|MCR-3.20	109
SRR25894125	gb|QQA64076.1|ARO:3007049|mef(J)	109
SRR25894125	gb|QWJ89341.1|ARO:3008078|B3SU1-1	108
SRR25894125	gb|APB03220.1|ARO:3003987|VatI	107
SRR25894125	gb|AAC32026.1|ARO:3002823|ErmH	106
SRR25894125	gb|AKQ05893.1|ARO:3004582|tet(49)	106
SRR25894125	gb|ACX92987.1|ARO:3002845|vatH	104
SRR25894125	gb|BAH63251.1|ARO:3004580|Kpne_KpnE	104
SRR25894125	gb|WP_081853183.1|ARO:3006885|ELM-1	104
SRR25894125	gb|AKQ05892.1|ARO:3004581|tet(48)	102
SRR25894125	gb|AND91341.1|ARO:3000856|BJP-1	101
SRR25894125	gb|AAC36944.1|ARO:3003006|blt	100
SRR25894125	gb|CDF47262.1|ARO:3004649|cfr(B)	100
SRR25894125	gb|BAP75826.1|ARO:3002225|IMP-34	99
SRR25894125	gb|CAD55144.1|ARO:3007014|qacJ	99
SRR25894125	gb|WP_122630831.1|ARO:3006864|CRD3-1	99
SRR25894125	gb|ACH58997.1|ARO:3002492|LRA-18	98
SRR25894125	gb|WP_040117106.1|ARO:3006237|ACT-42	95
SRR25894125	gb|AAF17880.1|ARO:3002605|aadA5	93
SRR25894125	gb|ADQ43421.1|ARO:3002646|APH(3')-IIc	91
SRR25894125	gb|AKQ05895.1|ARO:3004586|tet(51)	91
SRR25894125	gb|BAA03402.1|ARO:3001306|ErmW	90
SRR25894125	gb|QIQ10744.1|ARO:3007492|tet(62)	90
SRR25894125	gb|AAC36915.1|ARO:3000593|ErmQ	89
SRR25894125	gb|AAC69327.1|ARO:3000598|Erm(31)	89
SRR25894125	gb|AVX52225.1|ARO:3004516|MCR-8.1	87
SRR25894125	gb|BAO79432.1|ARO:3000785|cmeC	87
SRR25894125	gb|AAM77075.1|ARO:3002695|cmlA5	86
SRR25894125	gb|CAA77936.1|ARO:3004039|Ecol_emrE	86
SRR25894125	gb|CCQ22388.1|ARO:3000421|norB	86
SRR25894125	gb|WP_010896559.1|ARO:3004643|Erm(K)	84
SRR25894125	gb|ENV34035.1|ARO:3004087|APH(3')-IXa	83
SRR25894125	gb|QTV22830.1|ARO:3007085|PRC-1	83
SRR25894125	gb|CCF55073.1|ARO:3003205|Erm(43)	82
SRR25894125	gb|WP_044403015.1|ARO:3006974|POM-1	82
SRR25894125	gb|WGG63489.1|ARO:3007654|erm(56)	81
SRR25894125	gb|ABS43901.1|ARO:3000783|cmeA	80
SRR25894125	gb|ACH58988.1|ARO:3002487|LRA-8	80
SRR25894125	gb|AID93387.1|ARO:3004660|catB11	80
SRR25894125	gb|AAD25063.1|ARO:3000183|tet(Z)	78
SRR25894125	gb|AAA22277.1|ARO:3003007|bmr	77
SRR25894125	gb|AKQ05891.1|ARO:3004613|tet(47)	77
SRR25894125	gb|BAL43360.1|ARO:3003745|mef(C)	75
SRR25894125	gb|AAC41392.1|ARO:3002557|AAC(6')-Ij	74
SRR25894125	gb|CAC17623.1|ARO:3002516|OCH-3	74
SRR25894125	gb|WP_101150415.1|ARO:3005931|OXA-726	74
SRR25894125	gb|AAN06707.1|ARO:3000165|tet(A)	73
SRR25894125	gb|WP_007888761.1|ARO:3006869|CSA-1	73
SRR25894125	gb|AAA98484.1|ARO:3000596|ErmX	72
SRR25894125	gb|AAF74725.1|ARO:3004659|Mef(En2)	72
SRR25894125	gb|AAK99775.1|ARO:3000614|mef(E)	71
SRR25894125	gb|AWN09461.1|ARO:3004571|PNGM-1	70
SRR25894125	gb|BAO01151.1|ARO:3007199|PAM-1	70
SRR25894125	gb|CAD12227.2|ARO:3000478|tet(33)	70
SRR25894125	gb|WP_204376227.1|ARO:3006889|GMB-1	70
SRR25894125	gb|AAU93796.1|ARO:3000594|ErmR	69
SRR25894125	gb|AAB05624.1|ARO:3002956|vanY_in_vanB_cl	68
SRR25894125	gb|AAA22851.1|ARO:3000179|tet(L)	67
SRR25894125	gb|AAA71915.1|ARO:3000173|tet(E)	66
SRR25894125	gb|CAA11706.1|ARO:3001303|ErmO-srmA	65
SRR25894125	gb|CAD31707.1|ARO:3002691|Sent_cmlA	65
SRR25894125	gb|WP_111672889.1|ARO:3006671|PDC-300	62
SRR25894125	gb|ABA81355.1|ARO:3004291|Rsph_ampC_BLA	61
SRR25894125	gb|ABG48543.1|ARO:3005052|LpsA	61
SRR25894125	gb|AIY69088.1|ARO:3003142|IMI-8	60
SRR25894125	gb|MBY8651252.1|ARO:3007190|vanX_in_vanP_cl	60
SRR25894125	gb|AEH26330.1|ARO:3005009|qacE	59
SRR25894125	gb|AKR18024.1|ARO:3004347|PDC-84	59
SRR25894125	gb|AMP42147.1|ARO:3004442|tet(W/N/W)	58
SRR25894125	gb|AAA25717.1|ARO:3002624|ANT(4')-IIa	57
SRR25894125	gb|WGF22896.1|ARO:3007648|PSZ-1	57
SRR25894125	gb|AAS13767.1|ARO:3003839|Mrx	56
SRR25894125	gb|AJO67548.1|ARO:3005006|tet(57)	56
SRR25894125	gb|ASF80997.1|ARO:3005164|dfrA35	56
SRR25894125	gb|WP_122630823.1|ARO:3006886|EVM-1	56
SRR25894125	gb|WP_168370988.1|ARO:3005336|OXA-915	56
SRR25894125	gb|AGH88989.1|ARO:3001205|BRP(MBL)	55
SRR25894125	gb|AAF86691.1|ARO:3001816|ACC-2	54
SRR25894125	gb|AAN86837.2|ARO:3000601|Erm(38)	54
SRR25894125	gb|AHL39338.1|ARO:3001845|ACT-25	54
SRR25894125	gb|QHR93773.1|ARO:3005024|FosL1	54
SRR25894125	gb|WP_111273846.1|ARO:3007278|MCR-3.17	54
SRR25894125	gb|AAD12753.1|ARO:3000177|tet(J)	53
SRR25894125	gb|ACT97371.1|ARO:3003097|CfxA6	53
SRR25894125	gb|AFQ93498.1|ARO:3002676|catB3	53
SRR25894125	gb|AGP27106.1|ARO:3007010|norC	53
SRR25894125	gb|BAO21229.1|ARO:3003199|AAC(6')-Iak	52
SRR25894125	gb|WP_063864601.1|ARO:3006980|RAHN-2	52
SRR25894125	gb|AAC72341.1|ARO:3000182|tet(Y)	51
SRR25894125	gb|AAM09852.1|ARO:3003070|vanX_in_vanD_cl	51
SRR25894125	gb|AIK02012.1|ARO:3002579|AAC(6')-Ib8	51
SRR25894125	gb|USK11983.1|ARO:3009036|RAHN-3	51
SRR25894125	gb|AAF61331.1|ARO:3002966|vanXY_in_vanC	50
SRR25894125	gb|WP_178317675.1|ARO:3006088|OXA-900	50
SRR25894125	gb|GJN52392.1|ARO:3007200|PAM-2	49
SRR25894125	gb|WP_064511510.1|ARO:3006539|PDC-160	49
SRR25894125	gb|AAN00989.1|ARO:3003774|Saga_mprF	48
SRR25894125	gb|WP_063864750.1|ARO:3006999|SST-1	48
SRR25894125	gb|AAA22597.1|ARO:3000495|ErmD	47
SRR25894125	gb|AAC32025.1|ARO:3002650|APH(3')-Vb	47
SRR25894125	gb|AAK84316.1|ARO:3002843|vatD	47
SRR25894125	gb|WP_197749399.1|ARO:3005349|DfrA38	47
SRR25894125	gb|AKQ05898.1|ARO:3004590|tet(54)	46
SRR25894125	gb|BAF34030.1|ARO:3005036|BLMT	45
SRR25894125	gb|CBL80435.1|ARO:3002869|dfrK	45
SRR25894125	gb|ABF69686.1|ARO:3007122|tet(O/W/32/O)	44
SRR25894125	gb|AEP40501.1|ARO:3002969|vanXY_in_vanN	44
SRR25894125	gb|AQX36338.1|ARO:3004379|QepA4	44
SRR25894125	gb|AAF86219.1|ARO:3000375|ErmB	43
SRR25894125	gb|ABA71726.1|ARO:3004253|vanU_in_vanG_cl	43
SRR25894125	gb|AEJ33969.1|ARO:3000410|sul1	43
SRR25894125	gb|AGD91915.1|ARO:3001778|OXA-232	43
SRR25894125	gb|CAC87665.1|ARO:3000855|CAU-1	43
SRR25894125	gb|WCI13726.1|ARO:3007539|APH(9)-Ic	43
SRR25894125	gb|WP_032974004.1|ARO:3006922|CMA-1	43
SRR25894125	gb|WPF67354.1|ARO:3007838|tet(65)	43
SRR25894125	gb|CAE51638.1|ARO:3002641|APH(3')-Ia	42
SRR25894125	gb|CBL58181.1|ARO:3003918|apmA	42
SRR25894125	gb|ABW05394.1|ARO:3004450|TRU-1	41
SRR25894125	gb|WP_104531864.1|ARO:3005558|BUT-2	41
SRR25894125	gb|WVW91709.1|ARO:3008822|PAM-5	41
SRR25894125	gb|XAJ73541.1|ARO:3007930|ACT-167	40
SRR25894125	gb|AAL68645.1|ARO:3002681|catB9	39
SRR25894125	gb|AAP15294.1|ARO:3002675|catB2	39
SRR25894125	gb|ABQ47844.1|ARO:3000215|mecR1	39
SRR25894125	gb|ABW91179.1|ARO:3004665|cmlA8	39
SRR25894125	gb|MBO4158890.1|ARO:3007275|MCR-10.3	39
SRR25894125	gb|NP_249397.1|ARO:3002679|Paer_catB7	39
SRR25894125	gb|UBX54502.1|ARO:3009065|SRT-4	39
SRR25894125	gb|ACM47284.1|ARO:3002934|vanS_in_vanD_cl	38
SRR25894125	gb|BAC67143.1|ARO:3000166|tet(B)	38
SRR25894125	gb|BBJ25230.1|ARO:3007032|Erm(50)	38
SRR25894125	gb|CAA39038.1|ARO:3002553|AAC(6')-If	38
SRR25894125	gb|WP_104531865.1|ARO:3006936|LHK-2	38
SRR25894125	gb|AAA92037.1|ARO:3007075|cph	37
SRR25894125	gb|AIG19999.1|ARO:3005133|PDC-62	37
SRR25894125	gb|CAC17622.1|ARO:3002515|OCH-2	37
SRR25894125	gb|WP_213603971.1|ARO:3007374|PJM-1	37
SRR25894125	gb|ADY06444.1|ARO:3001783|OXA-163	36
SRR25894125	gb|BAE85481.1|ARO:3003727|vanK_in_vanI_cl	36
SRR25894125	gb|CAX52582.1|ARO:3003324|Bsub_mprF	36
SRR25894125	gb|OPG86592.1|ARO:3004626|Erm(49)	36
SRR25894125	gb|ABA28305.2|ARO:3000462|mgtA	35
SRR25894125	gb|AGV10830.1|ARO:3002647|APH(3')-IIIa	35
SRR25894125	gb|ABO40886.1|ARO:3004645|dfrI	34
SRR25894125	gb|AGU01679.2|ARO:3003894|Rm3	34
SRR25894125	gb|XAJ73548.1|ARO:3007937|ACT-174	34
SRR25894125	gb|AAM76670.1|ARO:3002625|ANT(4')-IIb	33
SRR25894125	gb|ACL82962.1|ARO:3002953|vanX_in_vanM_cl	33
SRR25894125	gb|AFK80745.1|ARO:3002350|GES-21	33
SRR25894125	gb|WP_082741435.1|ARO:3004569|ICR-Mo	33
SRR25894125	gb|WP_105620838.1|ARO:3006923|CMA-2	33
SRR25894125	gb|AAA03550.1|ARO:3002523|AAC(2')-Ia	32
SRR25894125	gb|ABU39979.1|ARO:3000217|blaR1	32
SRR25894125	gb|AJE60855.1|ARO:3003209|fosA5	32
SRR25894125	gb|CDL68900.1|ARO:3002143|DHA-12	32
SRR25894125	gb|ACH58999.1|ARO:3002489|LRA-10	31
SRR25894125	gb|AEM62948.1|ARO:3003196|tet(45)	31
SRR25894125	gb|CAC80727.1|ARO:3000476|tet(31)	31
SRR25894125	gb|CAJ32373.2|ARO:3002262|IND-6	31
SRR25894125	gb|EGE18576.1|ARO:3004466|ICR-Mc	31
SRR25894125	gb|AAA26742.1|ARO:3001304|ErmS	30
SRR25894125	gb|AAA65957.1|ARO:3002949|vanX_in_vanA_cl	30
SRR25894125	gb|AGL43626.1|ARO:3002777|QnrB65	30
SRR25894125	gb|AIG22447.1|ARO:3002191|MOX-9	30
SRR25894125	gb|CAA56561.1|ARO:3003553|CepS	30
SRR25894125	gb|WP_063860980.1|ARO:3005704|OXA-114d	30
SRR25894125	gb|AAF03531.1|ARO:3002569|AAC(6')-Iy	29
SRR25894125	gb|AAF36804.1|ARO:3002952|vanX_in_vanF_cl	29
SRR25894125	gb|ABY64751.1|ARO:3002667|rmtD	29
SRR25894125	gb|ACH59005.1|ARO:3002513|LRA-19	29
SRR25894125	gb|BAN78519.1|ARO:3004638|AAC(6')-I-48	29
SRR25894125	gb|BCD41405.1|ARO:3007204|AAC(6')-Iap	29
SRR25894125	gb|CAQ79275.1|ARO:3004668|QnrAS	29
SRR25894125	gb|UHK14159.1|ARO:3007885|ACT-102	29
SRR25894125	gb|WP_024436624.1|ARO:3006330|ADC-156	29
SRR25894125	gb|WP_128268285.1|ARO:3006983|RSD2-2	29
SRR25894125	gb|AAA88675.1|ARO:3000498|ErmF	28
SRR25894125	gb|CAA30578.1|ARO:3002652|APH(3')-VIa	28
SRR25894125	gb|CAA63264.1|ARO:3002012|CMY-1	28
SRR25894125	gb|UUT29086.1|ARO:3008385|MOX-17	28
SRR25894125	gb|WP_122630851.1|ARO:3005310|PDC-313	28
SRR25894125	gb|WP_148044452.1|ARO:3006732|PDC-362	28
SRR25894125	gb|ACL19707.1|ARO:3003725|vanX_in_vanI_cl	27
SRR25894125	gb|ADI87853.1|ARO:3004666|pexA	27
SRR25894125	gb|CAA62365.1|ARO:3002645|APH(3')-IIb	27
SRR25894125	gb|KKE03230.1|ARO:3004113|FosA7	27
SRR25894125	gb|WP_015740450.1|ARO:3007015|qacG	27
SRR25894125	gb|WP_149100971.1|ARO:3005351|DfrA39	27
SRR25894125	gb|AAK07612.2|ARO:3000604|Erm(35)	26
SRR25894125	gb|ASU04896.1|ARO:3004505|MCR-3.5	26
SRR25894125	gb|ASU10319.1|ARO:3004662|MCR-3.3	26
SRR25894125	gb|BAD10948.2|ARO:3002563|AAC(6')-Isa	26
SRR25894125	gb|CAA26235.1|ARO:3003061|vph	26
SRR25894125	gb|CAB61637.1|ARO:3004789|FONA-2	26
SRR25894125	gb|SBZ31568.1|ARO:3004691|MCR-3.4	26
SRR25894125	gb|AAP69912.1|ARO:3003100|cphA4	25
SRR25894125	gb|ABA70720.1|ARO:3005035|YRC-1	25
SRR25894125	gb|CAA26964.1|ARO:3000347|ErmA	25
SRR25894125	gb|QHW12307.1|ARO:3005089|mef(D)	25
SRR25894125	gb|AAA88548.1|ARO:3002597|AAC6_Ie_APH2_Ia	24
SRR25894125	gb|AAD52985.1|ARO:3002570|AAC(6')-Iz	24
SRR25894125	gb|AAL68827.1|ARO:3000605|Erm(36)	24
SRR25894125	gb|AAR29485.1|ARO:3007120|tet(O/M/O)	24
SRR25894125	gb|ABU55430.1|ARO:3002591|AAC_6_IB_Su	24
SRR25894125	gb|AKQ05899.1|ARO:3004591|tet(55)	24
SRR25894125	gb|BAE83690.1|ARO:3003724|vanW_in_vanI_cl	24
SRR25894125	gb|WP_099156055.1|ARO:3006232|ACC-7	24
SRR25894125	gb|WP_122630825.1|ARO:3006873|EAM-1	24
SRR25894125	gb|AHF82023.1|ARO:3004647|AQU-2	23
SRR25894125	gb|AKQ05897.1|ARO:3004589|tet(53)	23
SRR25894125	gb|EHS19134.1|ARO:3004661|Saur_FosB	23
SRR25894125	gb|QIB98918.1|ARO:3005012|IDC-1	23
SRR25894125	gb|WMQ57530.1|ARO:3008618|OXA-1206	23
SRR25894125	gb|AAT90847.1|ARO:3003557|SFB-1	22
SRR25894125	gb|ACH58990.1|ARO:3002511|LRA-12	22
SRR25894125	gb|ADV91011.1|ARO:3000245|RbpA	22
SRR25894125	gb|AHY03238.1|ARO:3002789|QnrD2	22
SRR25894125	gb|AMP42492.1|ARO:3004441|tet(59)	22
SRR25894125	gb|CDM87362.1|ARO:3001559|OXA-373	22
SRR25894125	gb|CEJ95855.1|ARO:3004595|erm(45)	22
SRR25894125	gb|WP_004874166.1|ARO:3007005|YEM-1	22
SRR25894125	gb|WP_109545077.1|ARO:3005857|OXA-636	22
SRR25894125	gb|XAJ73532.1|ARO:3008099|CMH-26	22
SRR25894125	gb|AAA90937.1|ARO:3004635|AAC(6')-Il	21
SRR25894125	gb|AAG11411.2|ARO:3004680|APH(3')-VIIIa	21
SRR25894125	gb|ABF33001.1|ARO:3003969|lmrP	21
SRR25894125	gb|AFU25638.1|ARO:3002096|CMY-83	21
SRR25894125	gb|BAL14456.1|ARO:3000854|SMB-1	21
SRR25894125	gb|QSL96845.1|ARO:3008135|CTX-M-245	21
SRR25894125	gb|RTB44598.1|ARO:3007368|FosG	21
SRR25894125	gb|WP_064483995.1|ARO:3006507|PDC-130	21
SRR25894125	gb|WP_096807446.1|ARO:3005198|CMY-157	21
SRR25894125	gb|WP_109545042.1|ARO:3006963|ORR-1	21
SRR25894125	gb|AAA25334.1|ARO:3002543|AAC(3)-IXa	20
SRR25894125	gb|ANY85569.1|ARO:3007859|BIM-1	20
SRR25894125	gb|CAA26428.1|ARO:3002630|ANT(9)-Ia	20
SRR25894125	gb|CAE48335.2|ARO:3002599|AAC6_30_AAC6_Ib	20
SRR25894125	gb|CAE53424.1|ARO:3003016|dfrA20	20
SRR25894125	gb|CAF29483.1|ARO:3002653|APH(3')-VIb	20
SRR25894125	gb|QIF88262.1|ARO:3007229|MCR-8.2	20
SRR25894125	gb|AAB51440.1|ARO:3002824|ErmV	19
SRR25894125	gb|AAD25538.1|ARO:3000174|tet(G)	19
SRR25894125	gb|AAF89152.1|ARO:3004809|GOB-2	19
SRR25894125	gb|ABR10839.1|ARO:3002586|AAC(6')-32	19
SRR25894125	gb|CAA68516.1|ARO:3002657|APH(6)-Ia	19
SRR25894125	gb|CAL25116.3|ARO:3003854|ADC-8	19
SRR25894125	gb|CAM12479.1|ARO:3000567|tet(40)	19
SRR25894125	gb|QEI22965.1|ARO:3007371|FosA8	19
SRR25894125	gb|WP_043942497.1|ARO:3006976|PST-1	19
SRR25894125	gb|AAB66655.1|ARO:3002663|APH(9)-Ib	18
SRR25894125	gb|AAG15269.1|ARO:3002528|AAC(3)-Ia	18
SRR25894125	gb|ABC68330.1|ARO:3002640|APH(3'')-Ic	18
SRR25894125	gb|APB03225.1|ARO:3003990|vgbC	18
SRR25894125	gb|ASK49942.1|ARO:3004501|MCR-6.1	18
SRR25894125	gb|CAC33832.1|ARO:3000851|THIN-B	18
SRR25894125	gb|CAF31623.1|ARO:3005354|dfr22	18
SRR25894125	gb|ULU82598.1|ARO:3008859|PDC-512	18
SRR25894125	gb|WP_041449074.1|ARO:3006896|ANA-1	18
SRR25894125	gb|WP_063860495.1|ARO:3002165|FOX-12	18
SRR25894125	gb|WP_148044411.1|ARO:3005652|CTX-M-229	18
SRR25894125	gb|AAN63648.1|ARO:3000844|TUS-1	17
SRR25894125	gb|AAO04716.1|ARO:3002865|dfrC	17
SRR25894125	gb|ABS29619.1|ARO:3000841|CGB-1	17
SRR25894125	gb|AGY30828.1|ARO:3003018|dfrA22	17
SRR25894125	gb|CAA90432.1|ARO:3003026|fusH	17
SRR25894125	gb|CAB75346.1|ARO:3000582|L1_BLA	17
SRR25894125	gb|QTE33800.1|ARO:3007069|FosY	17
SRR25894125	gb|WP_063860835.1|ARO:3006951|MBL1b	17
SRR25894125	gb|WP_063964000.1|ARO:3004102|kamB	17
SRR25894125	gb|WP_065597326.1|ARO:3006895|ALI-2	17
SRR25894125	gb|WP_136512069.1|ARO:3002237|IMP-46	17
SRR25894125	gb|AAB41701.1|ARO:3002526|AAC(2')-Id	16
SRR25894125	gb|AAB81957.1|ARO:3004784|FAR-1	16
SRR25894125	gb|AAD03493.1|ARO:3002565|AAC(6')-Iu	16
SRR25894125	gb|AAX55643.1|ARO:3003558|Yent_y56	16
SRR25894125	gb|ACK75961.1|ARO:3002787|QnrC	16
SRR25894125	gb|AJP77071.1|ARO:3003714|PEDO-2	16
SRR25894125	gb|AMR06225.1|ARO:3003767|mphM	16
SRR25894125	gb|BFF41854.1|ARO:3009034|PNC-3	16
SRR25894125	gb|CAD53575.1|ARO:3002531|AAC(3)-Ic	16
SRR25894125	gb|MDY6481403.1|ARO:3008672|OXA-1262	16
SRR25894125	gb|WP_015818996.1|ARO:3007002|TTU-1	16
SRR25894125	gb|WP_063864748.1|ARO:3006998|SPU-1	16
SRR25894125	gb|WP_188331861.1|ARO:3005345|DfrA43_TMP	16
SRR25894125	gb|WP_188331890.1|ARO:3007255|MCR-3.31	16
SRR25894125	gb|AAF09244.1|ARO:3000849|SFH-1	15
SRR25894125	gb|AAT68579.1|ARO:3004804|GOB-12	15
SRR25894125	gb|AFO53532.1|ARO:3002883|rgt1438	15
SRR25894125	gb|BAB56495.1|ARO:3000746|mepR	15
SRR25894125	gb|BAG33043.1|ARO:3003920|pgpB	15
SRR25894125	gb|CAA40897.1|ARO:3004548|dfrA9	15
SRR25894125	gb|CAA66307.2|ARO:3000592|ErmN	15
SRR25894125	gb|CAF05908.1|ARO:3000845|GIM-1	15
SRR25894125	gb|CZT31773.1|ARO:3004094|Erm(48)	15
SRR25894125	gb|EPF73263.1|ARO:3004086|APH(3')-VIIIb	15
SRR25894125	gb|WP_041884311.1|ARO:3006972|PLN-1	15
SRR25894125	gb|AAA26779.1|ARO:3004652|Erm(O)-lrm	14
SRR25894125	gb|AAA85213.1|ARO:3002866|dfrD	14
SRR25894125	gb|AAF89147.1|ARO:3004810|GOB-3	14
SRR25894125	gb|ACG70184.1|ARO:3002788|QnrD1	14
SRR25894125	gb|ACH58994.1|ARO:3002512|LRA-17	14
SRR25894125	gb|ACU86041.1|ARO:3004539|mphH	14
SRR25894125	gb|AEL00451.1|ARO:3002748|QnrB33	14
SRR25894125	gb|AGS82587.1|ARO:3002222|IMP-31	14
SRR25894125	gb|BAE78083.1|ARO:3003549|mdtO	14
SRR25894125	gb|CBI71171.1|ARO:3007442|SSA	14
SRR25894125	gb|UKB65296.1|ARO:3007916|ACT-150	14
SRR25894125	gb|WP_000949574.1|ARO:3005348|DfrA36	14
SRR25894125	gb|WP_011495276.1|ARO:3007017|SHD-1	14
SRR25894125	gb|WP_019050927.1|ARO:3005671|GOB-22	14
SRR25894125	gb|WP_031694184.1|ARO:3006095|OXA-908	14
SRR25894125	gb|WP_050815728.1|ARO:3004543|mphO	14
SRR25894125	gb|WP_064511495.1|ARO:3006521|PDC-144	14
SRR25894125	gb|WP_122630833.1|ARO:3006892|ALG11-1	14
SRR25894125	gb|AAC77110.1|ARO:3004290|Ecol_ampC_BLA	13
SRR25894125	gb|ABX54688.1|ARO:3002968|vanXY_in_vanL	13
SRR25894125	gb|ACC85616.1|ARO:3002804|FosA2	13
SRR25894125	gb|ACT66697.1|ARO:3000846|SIM-1	13
SRR25894125	gb|AEG78825.1|ARO:3002872|FosA3	13
SRR25894125	gb|AEO92079.1|ARO:3001483|OXA-205	13
SRR25894125	gb|AIX48090.1|ARO:3004599|clcD	13
SRR25894125	gb|AJP77058.1|ARO:3003719|MSI-OXA	13
SRR25894125	gb|CAJ19603.1|ARO:3002423|OKP-A-6	13
SRR25894125	gb|CAQ53840.1|ARO:3000853|AIM-1	13
SRR25894125	gb|QEQ43476.1|ARO:3005061|AAC(3)-IVb	13
SRR25894125	gb|QXM27670.1|ARO:3007438|LAQ-1	13
SRR25894125	gb|WP_068981615.1|ARO:3006440|ADC-83	13
SRR25894125	gb|WP_071846215.1|ARO:3002547|AAC(6')-Ib-cr1	13
SRR25894125	gb|AAA76822.1|ARO:3002654|APH(3')-VIIa	12
SRR25894125	gb|AAB05625.1|ARO:3002964|vanW_in_vanB_cl	12
SRR25894125	gb|AAP97129.1|ARO:3003104|cphA8	12
SRR25894125	gb|ABA42118.2|ARO:3000866|oleI	12
SRR25894125	gb|ABK33456.1|ARO:3002639|APH(3'')-Ib	12
SRR25894125	gb|ACI29346.1|ARO:3001945|CTX-M-84	12
SRR25894125	gb|CAC86410.1|ARO:3000599|Erm(33)	12
SRR25894125	gb|QWJ89340.1|ARO:3008074|ASU1-1	12
SRR25894125	gb|QYH55603.1|ARO:3008452|OXA-1031	12
SRR25894125	gb|UOY66714.1|ARO:3007919|ACT-154	12
SRR25894125	gb|UTS94206.1|ARO:3008871|PDC-524	12
SRR25894125	gb|VUS47486.1|ARO:3008820|OXY-9-1	12
SRR25894125	gb|WAS27907.1|ARO:3008397|NDM-49	12
SRR25894125	gb|WP_122630822.1|ARO:3006884|EFM-1	12
SRR25894125	gb|XGB73488.1|ARO:3008681|OXA-1271	12
SRR25894125	gb|AAC44316.1|ARO:3005010|qacEdelta1	11
SRR25894125	gb|AAD02244.1|ARO:3002580|AAC(6')-Ib9	11
SRR25894125	gb|AAF94731.1|ARO:3004364|almG	11
SRR25894125	gb|AAG29765.2|ARO:3002260|IND-4	11
SRR25894125	gb|AAO83986.1|ARO:3003905|ANT(4')-Ib	11
SRR25894125	gb|AAR92235.1|ARO:3000602|Erm(39)	11
SRR25894125	gb|AHM76774.1|ARO:3001843|ACT-22	11
SRR25894125	gb|APB03218.1|ARO:3003984|BahA	11
SRR25894125	gb|APL95059.1|ARO:3007846|SIE-1	11
SRR25894125	gb|CAJ98570.1|ARO:3003071|mphF	11
SRR25894125	gb|WP_008815550.1|ARO:3006231|ACC-1d	11
SRR25894125	gb|WP_057012521.1|ARO:3006966|PFM-2	11
SRR25894125	gb|WP_081666691.1|ARO:3006935|LHK-1	11
SRR25894125	gb|WP_123865086.1|ARO:3007840|CIM-1	11
SRR25894125	gb|WP_148044470.1|ARO:3006965|PFM-1	11
SRR25894125	gb|AAA26685.1|ARO:3002542|AAC(3)-VIIIa	10
SRR25894125	gb|AAB28795.1|ARO:3000178|tet(K)	10
SRR25894125	gb|AAC64365.1|ARO:3000230|ANT(2'')-Ia	10
SRR25894125	gb|AAD03496.1|ARO:3002568|AAC(6')-Ix	10
SRR25894125	gb|AAL02176.1|ARO:3004669|emtA	10
SRR25894125	gb|AAO38247.1|ARO:3000361|EreA	10
SRR25894125	gb|ABA42119.2|ARO:3000865|oleD	10
SRR25894125	gb|ACI89425.1|ARO:3002184|MOX-4	10
SRR25894125	gb|AJP77080.1|ARO:3003720|SPG-1	10
SRR25894125	gb|APB03226.1|ARO:3003991|mphI	10
SRR25894125	gb|CAA37052.1|ARO:3002995|ROB-1	10
SRR25894125	gb|CAP69659.1|ARO:3003017|dfrA21	10
SRR25894125	gb|QQM99828.1|ARO:3007041|Erm(52)	10
SRR25894125	gb|QWW93430.1|ARO:3008833|PDC-486	10
SRR25894125	gb|WEY36198.1|ARO:3007901|ACT-119	10
SRR25894125	gb|WP_122630834.1|ARO:3006926|GRD33-1	10
SRR25894125	gb|WP_148044424.1|ARO:3006964|PAU-1	10
SRR25894125	gb|WP_164461288.1|ARO:3006924|CVI-1	10
SRR25894125	gb|AAA65958.1|ARO:3002955|vanY_in_vanA_cl	9
SRR25894125	gb|AAA98296.1|ARO:3000250|ErmC	9
SRR25894125	gb|AAC44793.1|ARO:3002524|AAC(2')-Ib	9
SRR25894125	gb|AAS76623.1|ARO:3004606|erm(40)	9
SRR25894125	gb|AAT68580.1|ARO:3004805|GOB-13	9
SRR25894125	gb|ABW06859.1|ARO:3000603|Erm(41)	9
SRR25894125	gb|ACJ63454.1|ARO:3009023|PEN-B1	9
SRR25894125	gb|AGH70380.1|ARO:3002111|CMY-98	9
SRR25894125	gb|AHM76768.1|ARO:3002106|CMY-93	9
SRR25894125	gb|ASK49941.1|ARO:3004502|MCR-2.2	9
SRR25894125	gb|BAM76830.1|ARO:3002993|AQU-1	9
SRR25894125	gb|BAP18892.1|ARO:3003210|FosA4	9
SRR25894125	gb|CAA23892.1|ARO:3002644|APH(3')-IIa	9
SRR25894125	gb|CAD37801.1|ARO:3003793|SPM-1	9
SRR25894125	gb|CAE50926.1|ARO:3002590|AAC(6')-Iih	9
SRR25894125	gb|QKE44141.1|ARO:3007033|Erm(51)	9
SRR25894125	gb|QUF57747.1|ARO:3009046|SFDC-1	9
SRR25894125	gb|QXW20276.1|ARO:3007635|CAE-1	9
SRR25894125	gb|UTS94231.1|ARO:3008545|OXA-1127	9
SRR25894125	gb|UZQ18798.1|ARO:3008589|OXA-1171	9
SRR25894125	gb|WEG44940.1|ARO:3007896|ACT-113	9
SRR25894125	gb|WP_012145975.1|ARO:3006996|SPR-1	9
SRR25894125	gb|WP_050861789.1|ARO:3006259|ACT-64	9
SRR25894125	gb|WP_114699266.1|ARO:3005934|OXA-729	9
SRR25894125	gb|WP_122630824.1|ARO:3006882|ECM-1	9
SRR25894125	gb|AAA22562.1|ARO:3002878|BcII	8
SRR25894125	gb|AAA25683.1|ARO:3002538|AAC(3)-IIIc	8
SRR25894125	gb|AAB58447.1|ARO:3002662|APH(9)-Ia	8
SRR25894125	gb|AAT68576.1|ARO:3004816|GOB-9	8
SRR25894125	gb|AAV80464.1|ARO:3000565|tet(38)	8
SRR25894125	gb|ABA71730.1|ARO:3002965|vanW_in_vanG_cl	8
SRR25894125	gb|ABG72894.1|ARO:3002621|aadA24	8
SRR25894125	gb|ACF17980.1|ARO:3002616|aadA16	8
SRR25894125	gb|ACS44785.1|ARO:3002189|MOX-7	8
SRR25894125	gb|ADG84870.1|ARO:3002858|dfrA12	8
SRR25894125	gb|AHA41501.1|ARO:3002954|vanX_in_vanO_cl	8
SRR25894125	gb|AIT76105.1|ARO:3002147|DHA-16	8
SRR25894125	gb|AJA36815.1|ARO:3003193|QnrVC7	8
SRR25894125	gb|APC93960.1|ARO:3004636|qnrE1	8
SRR25894125	gb|BAC61820.1|ARO:3003151|CARB-22	8
SRR25894125	gb|BAD11815.1|ARO:3002593|AAC(6')-Ib-SK	8
SRR25894125	gb|CAA91010.1|ARO:3002559|AAC(6')-Ip	8
SRR25894125	gb|CAM96571.1|ARO:3004605|ermZ	8
SRR25894125	gb|EJN1410585.1|ARO:3008649|OXA-1239	8
SRR25894125	gb|KSC15183.1|ARO:3002537|AAC(3)-IIIb	8
SRR25894125	gb|NP_706356.2|ARO:3007509|Sfle_acrA	8
SRR25894125	gb|QIU91361.1|ARO:3009096|YOC-1	8
SRR25894125	gb|QJR33972.1|ARO:3007493|tet(63)	8
SRR25894125	gb|WP_063864600.1|ARO:3006979|RAHN-1	8
SRR25894125	gb|WP_063865145.1|ARO:3007001|TER-1	8
SRR25894125	gb|WP_085562405.1|ARO:3001862|IMI-5	8
SRR25894125	gb|WP_087587941.1|ARO:3005774|OXA-550	8
SRR25894125	gb|WP_122630832.1|ARO:3006893|ALG6-1	8
SRR25894125	gb|WP_123002103.1|ARO:3005509|VIM-61	8
SRR25894125	gb|WP_164461295.1|ARO:3006761|PDC-391	8
SRR25894125	gb|AAA88422.1|ARO:3002530|AAC(3)-Ib	7
SRR25894125	gb|AAC37034.1|ARO:3000522|ErmG	7
SRR25894125	gb|AAD01868.1|ARO:3002867|dfrF	7
SRR25894125	gb|AAL75563.1|ARO:3000168|tet(D)	7
SRR25894125	gb|AAM92464.1|ARO:3002594|AAC(6')-IIa	7
SRR25894125	gb|AAP27834.1|ARO:3005100|FosB2	7
SRR25894125	gb|AAR03105.1|ARO:3001813|OXA-55	7
SRR25894125	gb|AAR21614.1|ARO:3002529|AAC(3)-Id	7
SRR25894125	gb|AAW82618.1|ARO:3004808|GOB-16	7
SRR25894125	gb|ACL82959.1|ARO:3002961|vanY_in_vanM_cl	7
SRR25894125	gb|AEV91554.1|ARO:3001714|OXA-215	7
SRR25894125	gb|BAA03776.1|ARO:3000316|mphA	7
SRR25894125	gb|BAH63252.1|ARO:3004583|Kpne_KpnF	7
SRR25894125	gb|BAQ22025.1|ARO:3003200|AAC(6')-Ian	7
SRR25894125	gb|CAA24743.1|ARO:3002655|APH(4)-Ia	7
SRR25894125	gb|CAA39184.1|ARO:3002536|AAC(3)-IIIa	7
SRR25894125	gb|CAC32082.1|ARO:3002527|AAC(2')-Ie	7
SRR25894125	gb|CAD56147.1|ARO:3007108|nimF	7
SRR25894125	gb|CCP42991.1|ARO:3002525|AAC(2')-Ic	7
SRR25894125	gb|CDL65151.1|ARO:3003971|Erm(44)v	7
SRR25894125	gb|CZX96154.1|ARO:3008095|CMH-20	7
SRR25894125	gb|EOD99669.1|ARO:3002875|dfrE	7
SRR25894125	gb|GJN50066.1|ARO:3007201|PAM-3	7
SRR25894125	gb|QIB98910.1|ARO:3005013|IDC-2	7
SRR25894125	gb|QYH55592.1|ARO:3008441|OXA-1020	7
SRR25894125	gb|QYH55595.1|ARO:3008444|OXA-1023	7
SRR25894125	gb|WP_013255389.1|ARO:3006997|SPS-1	7
SRR25894125	gb|WP_068981623.1|ARO:3006449|ADC-92	7
SRR25894125	gb|WP_116786830.1|ARO:3007279|MCR-1.15	7
SRR25894125	gb|WP_223106954.1|ARO:3007533|MCR-4.7	7
SRR25894125	gb|AAB60941.1|ARO:3005099|Spyo_ErmA_MLSb	6
SRR25894125	gb|AAC23556.1|ARO:3002660|APH(6)-Id	6
SRR25894125	gb|AAD03495.1|ARO:3002567|AAC(6')-Iw	6
SRR25894125	gb|AAP69915.1|ARO:3003103|cphA7	6
SRR25894125	gb|AAT90846.1|ARO:3003556|SLB-1	6
SRR25894125	gb|ABA71729.1|ARO:3002959|vanY_in_vanG_cl	6
SRR25894125	gb|ACH58989.1|ARO:3002488|LRA-9	6
SRR25894125	gb|ADX95999.1|ARO:3002873|FosB3	6
SRR25894125	gb|AEL00450.1|ARO:3002747|QnrB32	6
SRR25894125	gb|AEQ59620.1|ARO:3001052|TEM-192	6
SRR25894125	gb|AFJ11384.1|ARO:3002546|AAC(6')-Ib	6
SRR25894125	gb|AHL39340.1|ARO:3001847|ACT-27	6
SRR25894125	gb|AHM76779.1|ARO:3001840|ACT-19	6
SRR25894125	gb|AIG19996.1|ARO:3005137|PDC-59	6
SRR25894125	gb|AJP77076.1|ARO:3003715|PEDO-3	6
SRR25894125	gb|AMQ12811.1|ARO:3004111|FosA6	6
SRR25894125	gb|ANQ03635.1|ARO:3005162|FosA7.5	6
SRR25894125	gb|AYD68552.1|ARO:3005018|LMB-1	6
SRR25894125	gb|BAA32494.1|ARO:3000449|FomB	6
SRR25894125	gb|BAA78619.1|ARO:3002544|AAC(3)-Xa	6
SRR25894125	gb|BAB72158.1|ARO:3002020|CMY-9	6
SRR25894125	gb|BAL43359.1|ARO:3003742|mphG	6
SRR25894125	gb|CAA71947.1|ARO:3002157|FOX-3	6
SRR25894125	gb|CAA76544.1|ARO:3003836|qacH	6
SRR25894125	gb|CAB45459.1|ARO:3002914|vanJ	6
SRR25894125	gb|CAI57696.1|ARO:3002614|aadA14	6
SRR25894125	gb|CCC86797.1|ARO:3005046|MecI_rep	6
SRR25894125	gb|DAC85640.1|ARO:3007098|FosM2	6
SRR25894125	gb|EJR72097.1|ARO:3007101|BcIII	6
SRR25894125	gb|QEQ43477.1|ARO:3005062|ANT(3'')-Ib	6
SRR25894125	gb|WEY36412.1|ARO:3008228|KHM-2	6
SRR25894125	gb|WP_003161096.1|ARO:3006093|OXA-905	6
SRR25894125	gb|WP_060874262.1|ARO:3006952|MOC-1	6
SRR25894125	gb|WP_064190968.1|ARO:3002583|AAC(6')-29a	6
SRR25894125	gb|WP_072678505.1|ARO:3005937|OXA-732	6
SRR25894125	gb|WP_078795634.1|ARO:3005672|GOB-23	6
SRR25894125	gb|WP_078797000.1|ARO:3005682|GOB-33	6
SRR25894125	gb|WP_087587968.1|ARO:3006582|PDC-203	6
SRR25894125	gb|WP_104531869.1|ARO:3006940|LHK-6	6
SRR25894125	gb|WP_122630830.1|ARO:3006995|SPN79-1	6
SRR25894125	gb|AAA25680.1|ARO:3002595|AAC(6')-IIb	5
SRR25894125	gb|AAA26549.1|ARO:3002549|AAC(6')-Ic	5
SRR25894125	gb|AAB05628.1|ARO:3002950|vanX_in_vanB_cl	5
SRR25894125	gb|AAC41391.1|ARO:3002555|AAC(6')-Ih	5
SRR25894125	gb|AAD46626.1|ARO:3002596|AAC(6')-IIc	5
SRR25894125	gb|AAG07592.1|ARO:3000806|MexG	5
SRR25894125	gb|AAG33665.1|ARO:3001431|OXA-37	5
SRR25894125	gb|AEH41427.1|ARO:3002218|IMP-27	5
SRR25894125	gb|AIG19978.1|ARO:3005157|PDC-41	5
SRR25894125	gb|AIT76099.1|ARO:3002125|CMY-114	5
SRR25894125	gb|AJF36617.1|ARO:3004596|erm(46)	5
SRR25894125	gb|AKN19287.1|ARO:3002578|AAC(6')-Ib7	5
SRR25894125	gb|ALL27283.1|ARO:3001452|OXA-140	5
SRR25894125	gb|APY23733.1|ARO:3004734|ARL-1	5
SRR25894125	gb|AUW34360.1|ARO:3009042|RSD1-1	5
SRR25894125	gb|AXF93714.1|ARO:3007282|MCR-5.3	5
SRR25894125	gb|BAA02497.1|ARO:3002250|CARB-12	5
SRR25894125	gb|BAA28282.1|ARO:3001907|CTX-M-45	5
SRR25894125	gb|BAA34540.1|ARO:3000319|mphC	5
SRR25894125	gb|BAC20579.1|ARO:3000859|rmtA	5
SRR25894125	gb|BAF56185.1|ARO:3002037|CMY-26	5
SRR25894125	gb|BAM46120.1|ARO:3003677|AAC(6')-Iaj	5
SRR25894125	gb|BCL63355.1|ARO:3007206|KBL-1	5
SRR25894125	gb|BDT38929.1|ARO:3008392|MOX-24	5
SRR25894125	gb|CAA30695.1|ARO:3002685|catIII	5
SRR25894125	gb|CAE32545.1|ARO:3008082|BOR-1	5
SRR25894125	gb|CAG27800.1|ARO:3003203|TLA-2	5
SRR25894125	gb|CAI99385.1|ARO:3002856|dfrA24	5
SRR25894125	gb|CBH51824.1|ARO:3002629|ANT(6)-Ib	5
SRR25894125	gb|ENU91137.1|ARO:3004090|ANT(3'')-IIb	5
SRR25894125	gb|KAF1723741.1|ARO:3009029|PJM-2	5
SRR25894125	gb|MBO4150342.1|ARO:3007276|MCR-10.4	5
SRR25894125	gb|QEE23059.1|ARO:3005060|OXA-837	5
SRR25894125	gb|QMF99399.1|ARO:3008793|OXY-2-22	5
SRR25894125	gb|QWA20204.1|ARO:3008425|OXA-1004	5
SRR25894125	gb|UAN29726.1|ARO:3008210|IMI-23	5
SRR25894125	gb|UPP01678.1|ARO:3007435|WUS-1	5
SRR25894125	gb|UTS94232.1|ARO:3008546|OXA-1128	5
SRR25894125	gb|WP_011550565.1|ARO:3006955|MYX-1	5
SRR25894125	gb|WP_020924773.1|ARO:3006897|AXC-1	5
SRR25894125	gb|WP_044779552.1|ARO:3005859|OXA-638	5
SRR25894125	gb|WP_063860496.1|ARO:3006471|FOX-13	5
SRR25894125	gb|WP_065419570.1|ARO:3005468|IMP-61	5
SRR25894125	gb|WP_156404660.1|ARO:3006967|PFM-3	5
SRR25894125	gb|WP_159241551.1|ARO:3007771|aac(6')-Ib-cr11	5
SRR25894125	gb|AAA21889.1|ARO:3002554|AAC(6')-Ig	4
SRR25894125	gb|AAA23018.1|ARO:3004454|Ccol_ACT_CHL	4
SRR25894125	gb|AAA26699.1|ARO:3002649|APH(3')-Va	4
SRR25894125	gb|AAA98406.1|ARO:3001404|OXA-9	4
SRR25894125	gb|AAB23649.1|ARO:3004460|Vang_ACT_CHL	4
SRR25894125	gb|AAF61147.1|ARO:3004751|BES-1	4
SRR25894125	gb|AAL27443.1|ARO:3002967|vanXY_in_vanE	4
SRR25894125	gb|AAO49597.1|ARO:3002601|aadA	4
SRR25894125	gb|ABB43029.1|ARO:3002539|AAC(3)-IVa	4
SRR25894125	gb|ABB71176.1|ARO:3003020|dfrA25	4
SRR25894125	gb|ACS44783.1|ARO:3002188|MOX-5	4
SRR25894125	gb|ACS71746.1|ARO:3002737|QnrB22	4
SRR25894125	gb|ACU00152.1|ARO:3002086|CMY-73	4
SRR25894125	gb|AGW81558.1|ARO:3002631|spd	4
SRR25894125	gb|AHK10285.1|ARO:3002859|dfrA14	4
SRR25894125	gb|AIT76100.1|ARO:3002152|DHA-21	4
SRR25894125	gb|BAD95494.1|ARO:3002895|SAT-2	4
SRR25894125	gb|CAA29136.1|ARO:3002658|APH(6)-Ib	4
SRR25894125	gb|CAA52372.1|ARO:3002656|APH(4)-Ib	4
SRR25894125	gb|CAB50867.1|ARO:3002016|CMY-5	4
SRR25894125	gb|CAB61635.1|ARO:3004788|FONA-1	4
SRR25894125	gb|CAB61639.1|ARO:3004790|FONA-3	4
SRR25894125	gb|CAB96921.1|ARO:3000606|FEZ-1	4
SRR25894125	gb|CAC17625.1|ARO:3002518|OCH-5	4
SRR25894125	gb|CAD69003.1|ARO:3003094|imiH	4
SRR25894125	gb|CAD91132.1|ARO:3002839|lnuF	4
SRR25894125	gb|CAI43423.1|ARO:3002414|OXY-6-2	4
SRR25894125	gb|CAK55557.1|ARO:3002585|AAC(6')-31	4
SRR25894125	gb|CWV56762.1|ARO:3000198|FosX	4
SRR25894125	gb|MEG5635058.1|ARO:3007928|ACT-165	4
SRR25894125	gb|PNM48229.1|ARO:3007431|almF	4
SRR25894125	gb|QGQ32905.1|ARO:3005015|VMB-1	4
SRR25894125	gb|QVO43833.1|ARO:3008181|FOX-19	4
SRR25894125	gb|QWJ89342.1|ARO:3008079|B3SU2-1	4
SRR25894125	gb|QYH55594.1|ARO:3008443|OXA-1022	4
SRR25894125	gb|WLO97150.1|ARO:3007902|ACT-120	4
SRR25894125	gb|WP_009821475.1|ARO:3006987|SGM-1	4
SRR25894125	gb|WP_013846594.1|ARO:3006990|SGM-4	4
SRR25894125	gb|WP_015266427.1|ARO:3006883|ECV-1	4
SRR25894125	gb|WP_032489477.1|ARO:3006986|SFO-1	4
SRR25894125	gb|WP_039039919.1|ARO:3007251|MCR-3.38	4
SRR25894125	gb|WP_041258349.1|ARO:3006887|FIA-1	4
SRR25894125	gb|WP_061284984.1|ARO:3006927|KLUC-1	4
SRR25894125	gb|WP_063860228.1|ARO:3006874|EC-13	4
SRR25894125	gb|WP_064483993.1|ARO:3006504|PDC-128	4
SRR25894125	gb|WP_064483998.1|ARO:3006510|PDC-133	4
SRR25894125	gb|WP_073647245.1|ARO:3006590|PDC-213	4
SRR25894125	gb|WP_081048762.1|ARO:3006954|MYO-1	4
SRR25894125	gb|WP_087093762.1|ARO:3005677|GOB-28	4
SRR25894125	gb|WP_094308975.1|ARO:3007259|MCR-3.22	4
SRR25894125	gb|WP_111273847.1|ARO:3007263|MCR-3.18	4
SRR25894125	gb|WP_128268284.1|ARO:3006982|RSD2-1	4
SRR25894125	gb|WP_148044434.1|ARO:3006712|PDC-342	4
SRR25894125	gb|WP_148044436.1|ARO:3006714|PDC-344	4
SRR25894125	gb|WP_152315468.1|ARO:3006027|OXA-830	4
SRR25894125	gb|WP_164461281.1|ARO:3006273|ACT-79	4
SRR25894125	gb|WP_188331886.1|ARO:3007283|MCR-2.4	4
SRR25894125	gb|WVW91696.1|ARO:3008642|OXA-1232	4
SRR25894125	gb|XGB73473.1|ARO:3008976|PDC-629	4
SRR25894125	gb|AAA26775.1|ARO:3003564|EXO-1	3
SRR25894125	gb|AAA83417.1|ARO:3001407|OXA-12	3
SRR25894125	gb|AAB49832.1|ARO:3002636|APH(2'')-IIIa	3
SRR25894125	gb|AAD03490.1|ARO:3002561|AAC(6')-Ir	3
SRR25894125	gb|AAD50818.2|ARO:3002019|CMY-8	3
SRR25894125	gb|AAF89153.1|ARO:3004814|GOB-7	3
SRR25894125	gb|AAK14791.1|ARO:3004239|NPS-1	3
SRR25894125	gb|AAK52604.1|ARO:3001425|OXA-31	3
SRR25894125	gb|AAK63040.1|ARO:3002635|APH(2'')-IIa	3
SRR25894125	gb|AAK63223.1|ARO:3003561|SED-1	3
SRR25894125	gb|AAL12234.1|ARO:3003552|fusB	3
SRR25894125	gb|AAM45855.1|ARO:3004780|DES-1	3
SRR25894125	gb|AAN05026.1|ARO:3000980|TEM-117	3
SRR25894125	gb|AAN63647.1|ARO:3000843|MUS-1	3
SRR25894125	gb|AAP74961.2|ARO:3002854|dfrA1	3
SRR25894125	gb|AAR20596.1|ARO:3004189|Bla2	3
SRR25894125	gb|AAR32134.1|ARO:3001792|OXA-62	3
SRR25894125	gb|AAS78754.1|ARO:3002261|IND-5	3
SRR25894125	gb|AAW34150.1|ARO:3004191|APH(2'')-If	3
SRR25894125	gb|ABA71732.1|ARO:3003069|vanXY_in_vanG	3
SRR25894125	gb|ABI20451.1|ARO:3003741|mphE	3
SRR25894125	gb|ABU39980.1|ARO:3004749|BCL-1	3
SRR25894125	gb|ABV26705.1|ARO:3002849|arr-4	3
SRR25894125	gb|ABX38721.1|ARO:3001609|OXA-114a	3
SRR25894125	gb|ABZ81086.1|ARO:3001829|ACT-4	3
SRR25894125	gb|ACD56151.1|ARO:3002848|arr-3	3
SRR25894125	gb|ACS44784.1|ARO:3002185|MOX-6	3
SRR25894125	gb|ADA63498.1|ARO:3004678|rmtE	3
SRR25894125	gb|ADI55014.1|ARO:3002801|QnrVC4	3
SRR25894125	gb|ADI81040.1|ARO:3002800|QnrVC3	3
SRR25894125	gb|AEM97672.1|ARO:3002073|CMY-60	3
SRR25894125	gb|AFA51700.1|ARO:3001981|CTX-M-122	3
SRR25894125	gb|AFI56422.1|ARO:3004777|CMH-1	3
SRR25894125	gb|AFN88953.1|ARO:3002304|VIM-34	3
SRR25894125	gb|AIT76106.1|ARO:3002146|DHA-15	3
SRR25894125	gb|AJG06172.1|ARO:3003172|ACT-37	3
SRR25894125	gb|AKR18033.1|ARO:3004356|PDC-93	3
SRR25894125	gb|ALC76098.1|ARO:3003613|OXA-457	3
SRR25894125	gb|ALP44181.1|ARO:3007180|MAB	3
SRR25894125	gb|APC23883.1|ARO:3005219|CMY-144	3
SRR25894125	gb|ASK40551.1|ARO:3004332|MCR-5.1	3
SRR25894125	gb|AST36140.1|ARO:3004503|MCR-3.6	3
SRR25894125	gb|AUW34365.1|ARO:3004444|RSA1-1	3
SRR25894125	gb|AVX51087.1|ARO:3004559|CAM-1	3
SRR25894125	gb|BAB41258.1|ARO:3000124|mecI	3
SRR25894125	gb|BAD12078.1|ARO:3002572|AAC(6')-Iad	3
SRR25894125	gb|BDT38924.1|ARO:3008183|FOX-21	3
SRR25894125	gb|CAA37605.1|ARO:3002638|APH(3'')-Ia	3
SRR25894125	gb|CAA44667.1|ARO:3001305|ErmU	3
SRR25894125	gb|CAB12108.2|ARO:3003059|tmrB	3
SRR25894125	gb|CAB37345.2|ARO:3004592|erm(32)	3
SRR25894125	gb|CAB89086.1|ARO:3002158|FOX-4	3
SRR25894125	gb|CAD61201.1|ARO:3002277|VIM-7	3
SRR25894125	gb|CAI29521.1|ARO:3004640|dfrA15b	3
SRR25894125	gb|CBY77552.1|ARO:3003106|Erm(42)	3
SRR25894125	gb|CBY88906.1|ARO:3004105|TMB-1	3
SRR25894125	gb|CCP44842.1|ARO:3007182|blaC	3
SRR25894125	gb|EEX02086.1|ARO:3004089|ANT(3'')-IIa	3
SRR25894125	gb|ESK39014.1|ARO:3004091|ANT(3'')-IIc	3
SRR25894125	gb|MBS5055441.1|ARO:3007118|crxA	3
SRR25894125	gb|MBW8248988.1|ARO:3007921|ACT-156	3
SRR25894125	gb|MCO4185007.1|ARO:3007926|ACT-161	3
SRR25894125	gb|MDY6468282.1|ARO:3008673|OXA-1263	3
SRR25894125	gb|MRN75760.1|ARO:3007958|ACT-85	3
SRR25894125	gb|OUQ50894.1|ARO:3007109|nimG	3
SRR25894125	gb|QGN37045.1|ARO:3008785|OXY-11-1	3
SRR25894125	gb|QUR41147.1|ARO:3007961|ACT-89	3
SRR25894125	gb|QVO43832.1|ARO:3008180|FOX-18	3
SRR25894125	gb|SBV31106.1|ARO:3004110|MCR-2.1	3
SRR25894125	gb|UPI86066.1|ARO:3008808|OXY-5-11	3
SRR25894125	gb|USH09258.1|ARO:3008179|FONA-9	3
SRR25894125	gb|UVW30757.1|ARO:3008182|FOX-20	3
SRR25894125	gb|UZX27393.1|ARO:3008081|BMHC-1	3
SRR25894125	gb|WEY36196.1|ARO:3007900|ACT-118	3
SRR25894125	gb|WFS34552.1|ARO:3007801|RATA-1	3
SRR25894125	gb|WKB14827.1|ARO:3008902|PDC-555	3
SRR25894125	gb|WMI45072.1|ARO:3008922|PDC-575	3
SRR25894125	gb|WP_015572455.1|ARO:3006238|ACT-43	3
SRR25894125	gb|WP_041385949.1|ARO:3006988|SGM-2	3
SRR25894125	gb|WP_063860263.1|ARO:3006879|EC-19	3
SRR25894125	gb|WP_063864562.1|ARO:3005277|PDC-105	3
SRR25894125	gb|WP_063864599.1|ARO:3006973|PME-1	3
SRR25894125	gb|WP_070210118.1|ARO:3005873|OXA-658	3
SRR25894125	gb|WP_075226241.1|ARO:3006978|PSV-1	3
SRR25894125	gb|WP_078723747.1|ARO:3005546|BlaB-32	3
SRR25894125	gb|WP_094009805.1|ARO:3005466|IMP-59	3
SRR25894125	gb|WP_122630923.1|ARO:3005981|OXA-777	3
SRR25894125	gb|WP_136512104.1|ARO:3006022|OXA-824	3
SRR25894125	gb|WP_156404647.1|ARO:3006461|CMY-169	3
SRR25894125	gb|WP_160164898.1|ARO:3007243|MCR-1.24	3
SRR25894125	gb|XGB73490.1|ARO:3008683|OXA-1273	3
SRR25894125	gb|XGB73501.1|ARO:3008694|OXA-1284	3
SRR25894125	gb|XGB73513.1|ARO:3008705|OXA-1295	3
SRR25894125	gb|AAA16527.1|ARO:3007401|ANT(9)-Ib	2
SRR25894125	gb|AAA23215.1|ARO:3002687|catQ	2
SRR25894125	gb|AAA26615.1|ARO:3004457|Sint_ACT_CHL	2
SRR25894125	gb|AAA26683.1|ARO:3002840|vatA	2
SRR25894125	gb|AAA27459.1|ARO:3004683|aadS	2
SRR25894125	gb|AAA88552.1|ARO:3002541|AAC(3)-VIIa	2
SRR25894125	gb|AAC05822.1|ARO:3002846|arr-1	2
SRR25894125	gb|AAC09015.1|ARO:3002481|AER-1	2
SRR25894125	gb|AAC78336.1|ARO:3002826|EreA2	2
SRR25894125	gb|AAD45935.1|ARO:3000928|TEM-59	2
SRR25894125	gb|AAF36806.1|ARO:3002963|vanZ_in_vanF_cl	2
SRR25894125	gb|AAK63041.1|ARO:3004629|AAC(6')-Im	2
SRR25894125	gb|AAK64581.1|ARO:3004568|dfrA18	2
SRR25894125	gb|AAL55262.1|ARO:3004766|CGA-1	2
SRR25894125	gb|AAN41403.1|ARO:3002582|AAC(6')-Ib11	2
SRR25894125	gb|AAO42602.1|ARO:3002168|MIR-2	2
SRR25894125	gb|AAO52851.1|ARO:3004456|Efac_ACT_CHL	2
SRR25894125	gb|AAP69916.1|ARO:3001780|OXA-85	2
SRR25894125	gb|AAQ08905.1|ARO:3001808|OXA-60	2
SRR25894125	gb|AAS13761.1|ARO:3002280|VIM-10	2
SRR25894125	gb|AAT45742.1|ARO:3000988|TEM-126	2
SRR25894125	gb|AAU10334.1|ARO:3002628|aad(6)	2
SRR25894125	gb|ABN48311.1|ARO:3001918|CTX-M-56	2
SRR25894125	gb|ABR14060.1|ARO:3002838|lnuD	2
SRR25894125	gb|ABS12249.1|ARO:3002041|CMY-30	2
SRR25894125	gb|ABV63006.2|ARO:3004759|BPU-1	2
SRR25894125	gb|ABW91178.1|ARO:3002613|aadA13	2
SRR25894125	gb|ABX30738.1|ARO:3000621|PC1_blaZ	2
SRR25894125	gb|ACE77058.1|ARO:3002366|PER-4	2
SRR25894125	gb|ACH58980.1|ARO:3002482|LRA-1	2
SRR25894125	gb|ACH58987.1|ARO:3002510|LRA-3	2
SRR25894125	gb|ACH58998.1|ARO:3002486|LRA-7	2
SRR25894125	gb|ADA13241.1|ARO:3002266|IND-10	2
SRR25894125	gb|ADZ54048.1|ARO:3001766|OXA-192	2
SRR25894125	gb|AEB98922.1|ARO:3001481|OXA-196	2
SRR25894125	gb|AFG73659.1|ARO:3002219|IMP-28	2
SRR25894125	gb|AFO09968.1|ARO:3001476|OXA-184	2
SRR25894125	gb|AFQ90085.1|ARO:3001610|OXA-243	2
SRR25894125	gb|AGC29882.1|ARO:3002853|arr-8	2
SRR25894125	gb|AGT57825.1|ARO:3003762|lnuE	2
SRR25894125	gb|AGV10818.1|ARO:3002669|APH(2'')-Ig	2
SRR25894125	gb|AHE40505.1|ARO:3004542|mphN	2
SRR25894125	gb|AHE41345.1|ARO:3002797|QnrS8	2
SRR25894125	gb|AHL39327.1|ARO:3002099|CMY-86	2
SRR25894125	gb|AHV80711.1|ARO:3002863|dfrA8	2
SRR25894125	gb|AIA09786.1|ARO:3000861|rmtC	2
SRR25894125	gb|AIT76113.1|ARO:3002174|MIR-9	2
SRR25894125	gb|AJP77054.1|ARO:3003716|CPS-1	2
SRR25894125	gb|AKD43328.1|ARO:3004757|BKC-1	2
SRR25894125	gb|APB03217.1|ARO:3003983|CatU	2
SRR25894125	gb|APB03223.1|ARO:3003989|AAC(6')-34	2
SRR25894125	gb|APM87143.1|ARO:3004515|MCR-1.4	2
SRR25894125	gb|AVZ47168.1|ARO:3004693|MCR-3.12	2
SRR25894125	gb|BAB20748.1|ARO:3002825|ErmY	2
SRR25894125	gb|BAD00739.1|ARO:3002607|aadA7	2
SRR25894125	gb|BAM62793.1|ARO:3002233|IMP-42	2
SRR25894125	gb|CAA11707.1|ARO:3000463|gimA	2
SRR25894125	gb|CAA27061.1|ARO:3002648|APH(3')-IVa	2
SRR25894125	gb|CAA27626.1|ARO:3000363|EreB	2
SRR25894125	gb|CAA31895.1|ARO:3002533|AAC(3)-IIa	2
SRR25894125	gb|CAA33795.1|ARO:3003563|RCP-1	2
SRR25894125	gb|CAA37806.1|ARO:3002684|catII	2
SRR25894125	gb|CAA54273.1|ARO:3007106|nimD	2
SRR25894125	gb|CAA71325.1|ARO:3002156|FOX-2	2
SRR25894125	gb|CAA90683.1|ARO:3003012|dfrA13	2
SRR25894125	gb|CAB14620.1|ARO:3002627|aadK	2
SRR25894125	gb|CAC35728.1|ARO:3001424|OXA-29	2
SRR25894125	gb|CAE50925.1|ARO:3002589|AAC(6')-Iid	2
SRR25894125	gb|CAH10847.1|ARO:3002620|aadA23	2
SRR25894125	gb|CAJ19605.1|ARO:3002424|OKP-A-7	2
SRR25894125	gb|ENU21024.1|ARO:3001751|OXA-296	2
SRR25894125	gb|MBO4154571.1|ARO:3007277|MCR-10.2	2
SRR25894125	gb|MDF2239218.1|ARO:3008894|PDC-547	2
SRR25894125	gb|PLT17746.1|ARO:3003599|OXA-443	2
SRR25894125	gb|QQM99829.1|ARO:3007047|mef(H)	2
SRR25894125	gb|QTV32571.1|ARO:3007960|ACT-88	2
SRR25894125	gb|QWJ89343.1|ARO:3008734|OXA-957	2
SRR25894125	gb|SNU87672.1|ARO:3001459|OXA-154	2
SRR25894125	gb|SUA92210.1|ARO:3001461|OXA-156	2
SRR25894125	gb|UNG16571.1|ARO:3008199|HBL-1	2
SRR25894125	gb|UNN26064.1|ARO:3008522|OXA-1104	2
SRR25894125	gb|UOU25743.1|ARO:3008865|PDC-518	2
SRR25894125	gb|UTS94207.1|ARO:3008872|PDC-525	2
SRR25894125	gb|UVJ50740.1|ARO:3007443|NDM-44	2
SRR25894125	gb|WDE35088.1|ARO:3008226|IND-18	2
SRR25894125	gb|WFP34008.1|ARO:3008086|CMH-11	2
SRR25894125	gb|WFS32678.1|ARO:3007802|RATA-2	2
SRR25894125	gb|WJR95504.1|ARO:3008900|PDC-553	2
SRR25894125	gb|WLF01986.1|ARO:3008914|PDC-567	2
SRR25894125	gb|WP_004384957.1|ARO:3006870|CSA-2	2
SRR25894125	gb|WP_007688792.1|ARO:3006989|SGM-3	2
SRR25894125	gb|WP_017778762.1|ARO:3007253|MCR-3.27	2
SRR25894125	gb|WP_023132404.1|ARO:3006101|OXA-914	2
SRR25894125	gb|WP_032644152.1|ARO:3006248|ACT-53	2
SRR25894125	gb|WP_034169413.1|ARO:3007280|MCR-1.26	2
SRR25894125	gb|WP_041881964.1|ARO:3006942|LUS-1	2
SRR25894125	gb|WP_059154943.1|ARO:3005557|BlaB-9	2
SRR25894125	gb|WP_063840320.1|ARO:3005116|AAC(6')-Ib-cr6	2
SRR25894125	gb|WP_063860521.1|ARO:3006888|GIL-1	2
SRR25894125	gb|WP_064511512.1|ARO:3006541|PDC-162	2
SRR25894125	gb|WP_064808881.1|ARO:3005325|OXA-573	2
SRR25894125	gb|WP_076412384.1|ARO:3005715|OXA-114p	2
SRR25894125	gb|WP_078675249.1|ARO:3005545|BlaB-31	2
SRR25894125	gb|WP_102607461.1|ARO:3005793|OXA-569	2
SRR25894125	gb|WP_107809858.1|ARO:3005683|GOB-34	2
SRR25894125	gb|WP_109545039.1|ARO:3007000|STA-1	2
SRR25894125	gb|WP_109545100.1|ARO:3005833|OXA-612	2
SRR25894125	gb|WP_111273843.1|ARO:3007249|MCR-3.14	2
SRR25894125	gb|WP_114699279.1|ARO:3005875|OXA-660	2
SRR25894125	gb|WP_118860654.1|ARO:3007228|MCR-8.4	2
SRR25894125	gb|WP_122630835.1|ARO:3006925|GRD23-1	2
SRR25894125	gb|WP_128268233.1|ARO:3005584|CARB-50	2
SRR25894125	gb|WP_136512111.1|ARO:3007244|MCR-1.17	2
SRR25894125	gb|WP_148044437.1|ARO:3006715|PDC-345	2
SRR25894125	gb|WP_150823468.1|ARO:3005461|EBR-3	2
SRR25894125	gb|WP_168247902.1|ARO:3006787|PDC-418	2
SRR25894125	gb|WP_188331892.1|ARO:3007248|MCR-3.33	2
SRR25894125	gb|WP_188331896.1|ARO:3007250|MCR-3.37	2
SRR25894125	gb|WP_204376230.1|ARO:3006192|KPC-63	2
SRR25894125	gb|WP_204378708.1|ARO:3006839|PDC-473	2
SRR25894125	gb|WVD92247.1|ARO:3008336|KPC-214	2
SRR25894125	gb|WXH45425.1|ARO:3008413|NDM-68	2
SRR25894125	gb|XGB73478.1|ARO:3008981|PDC-634	2
SRR25894125	gb|AAA16194.1|ARO:3002540|AAC(3)-VIa	1
SRR25894125	gb|AAA19882.1|ARO:3003562|blaF	1
SRR25894125	gb|AAA20116.1|ARO:3000180|tetA(P)	1
SRR25894125	gb|AAA22904.1|ARO:3000578|CcrA	1
SRR25894125	gb|AAA26412.1|ARO:3002642|APH(3')-Ib	1
SRR25894125	gb|AAA73865.1|ARO:3002674|Cbut_catB	1
SRR25894125	gb|AAA92254.1|ARO:3002623|ANT(4')-Ia	1
SRR25894125	gb|AAA98349.1|ARO:3001307|vgbA	1
SRR25894125	gb|AAA99505.1|ARO:3002988|bcrB	1
SRR25894125	gb|AAB53259.1|ARO:3002671|Lreu_cat-TC	1
SRR25894125	gb|AAB58555.1|ARO:3001413|OXA-18	1
SRR25894125	gb|AAB63533.1|ARO:3002556|AAC(6')-Ii	1
SRR25894125	gb|AAB97924.1|ARO:3001411|OXA-16	1
SRR25894125	gb|AAC05975.1|ARO:3000929|TEM-60	1
SRR25894125	gb|AAC25500.1|ARO:3002560|AAC(6')-Iq	1
SRR25894125	gb|AAC64366.1|ARO:3002847|arr-2	1
SRR25894125	gb|AAD03492.1|ARO:3002564|AAC(6')-It	1
SRR25894125	gb|AAD19217.1|ARO:3002245|CARB-6	1
SRR25894125	gb|AAG29761.2|ARO:3002259|IND-3	1
SRR25894125	gb|AAG44836.1|ARO:3004740|AST-1	1
SRR25894125	gb|AAK18183.1|ARO:3002337|GES-8	1
SRR25894125	gb|AAK38324.1|ARO:3000840|JOHN-1	1
SRR25894125	gb|AAL26797.1|ARO:3008200|HER-1	1
SRR25894125	gb|AAL78161.1|ARO:3002410|OXY-4-1	1
SRR25894125	gb|AAM63403.1|ARO:3003093|cphA3	1
SRR25894125	gb|AAM74565.1|ARO:3002246|CARB-7	1
SRR25894125	gb|AAN05030.1|ARO:3002475|LEN-3	1
SRR25894125	gb|AAP08996.1|ARO:3000172|FosB	1
SRR25894125	gb|AAP43641.1|ARO:3001810|OXA-53	1
SRR25894125	gb|AAP43642.1|ARO:3002588|AAC(6')-I30	1
SRR25894125	gb|AAP69913.1|ARO:3003101|cphA5	1
SRR25894125	gb|AAP93847.1|ARO:3002477|LEN-14	1
SRR25894125	gb|AAP97895.1|ARO:3005111|blaS1	1
SRR25894125	gb|AAR20595.1|ARO:3000090|Bla1	1
SRR25894125	gb|AAT68577.1|ARO:3004802|GOB-10	1
SRR25894125	gb|AAX38178.1|ARO:3002634|APH(2'')-Ie	1
SRR25894125	gb|AAX46054.1|ARO:3004549|dfrB5	1
SRR25894125	gb|AAZ14083.2|ARO:3001012|TEM-145	1
SRR25894125	gb|ABB89122.1|ARO:3002861|dfrA5	1
SRR25894125	gb|ABC96711.1|ARO:3001016|TEM-149	1
SRR25894125	gb|ABG65740.1|ARO:3002879|linG	1
SRR25894125	gb|ABL75133.1|ARO:3004856|SCO-1	1
SRR25894125	gb|ABL75154.1|ARO:3002447|OKP-B-14	1
SRR25894125	gb|ABN80430.1|ARO:3002375|VEB-5	1
SRR25894125	gb|ABQ37031.1|ARO:3008509|OXA-1091	1
SRR25894125	gb|ABS12248.1|ARO:3002040|CMY-29	1
SRR25894125	gb|ABV72593.1|ARO:3001150|SHV-101	1
SRR25894125	gb|ABV89601.1|ARO:3004826|LAP-2	1
SRR25894125	gb|ABX72227.1|ARO:3002730|QnrB15	1
SRR25894125	gb|ACA30419.1|ARO:3002186|MOX-3	1
SRR25894125	gb|ACA97846.1|ARO:3002043|CMY-32	1
SRR25894125	gb|ACE63186.1|ARO:3001702|OXA-133	1
SRR25894125	gb|ACH59002.1|ARO:3002483|LRA-5	1
SRR25894125	gb|ACI28880.1|ARO:3002575|AAC(6')-Iai	1
SRR25894125	gb|ACN62070.1|ARO:3003872|ADC-41	1
SRR25894125	gb|ACN85419.1|ARO:3001804|OXA-145	1
SRR25894125	gb|ACQ82809.1|ARO:3002501|PDC-4	1
SRR25894125	gb|ACS83559.1|ARO:3004601|LnuP	1
SRR25894125	gb|ACV44455.1|ARO:3002404|OXY-2-9	1
SRR25894125	gb|ACX31140.1|ARO:3001453|OXA-148	1
SRR25894125	gb|ACX71212.1|ARO:3001860|IMI-3	1
SRR25894125	gb|ACY74743.1|ARO:3001952|CTX-M-92	1
SRR25894125	gb|ADB56658.1|ARO:3004753|BIC-1	1
SRR25894125	gb|ADC55560.1|ARO:3000858|armA	1
SRR25894125	gb|ADI46626.1|ARO:3002739|QnrB24	1
SRR25894125	gb|ADM47435.1|ARO:3001695|OXA-134	1
SRR25894125	gb|ADO00942.1|ARO:3003023|dfrB6	1
SRR25894125	gb|ADR80609.1|ARO:3001169|SHV-122	1
SRR25894125	gb|ADU33193.1|ARO:3002708|QnrA2	1
SRR25894125	gb|ADY02546.1|ARO:3001961|CTX-M-102	1
SRR25894125	gb|AEK78851.1|ARO:3002163|FOX-9	1
SRR25894125	gb|AEM44651.1|ARO:3001968|CTX-M-108	1
SRR25894125	gb|AFC75524.1|ARO:3001054|TEM-194	1
SRR25894125	gb|AFC95894.1|ARO:3001814|OXA-199	1
SRR25894125	gb|AFJ11385.1|ARO:3002666|rmtF	1
SRR25894125	gb|AFK73452.1|ARO:3002094|CMY-81	1
SRR25894125	gb|AFM55002.1|ARO:3001693|OXA-230	1
SRR25894125	gb|AFN69318.1|ARO:3004658|catA8	1
SRR25894125	gb|AFQ31613.1|ARO:3002357|NDM-7	1
SRR25894125	gb|AFU25647.1|ARO:3001836|ACT-14	1
SRR25894125	gb|AFV91534.1|ARO:3004786|FIM-1	1
SRR25894125	gb|AGC92784.1|ARO:3000848|DIM-1	1
SRR25894125	gb|AGE00988.1|ARO:3002668|rmtG	1
SRR25894125	gb|AGE11905.1|ARO:3000904|TEM-34	1
SRR25894125	gb|AGI65307.1|ARO:3001681|OXA-278	1
SRR25894125	gb|AGK40892.1|ARO:3001384|TEM-207	1
SRR25894125	gb|AGW16415.1|ARO:3001521|OXA-333	1
SRR25894125	gb|AGW16417.1|ARO:3001523|OXA-335	1
SRR25894125	gb|AGZ20205.1|ARO:3001382|TEM-205	1
SRR25894125	gb|AHA11125.1|ARO:3001549|OXA-362	1
SRR25894125	gb|AHF20043.1|ARO:3002798|QnrS9	1
SRR25894125	gb|AHF82024.1|ARO:3004648|AQU-3	1
SRR25894125	gb|AHL39320.1|ARO:3002140|DHA-9	1
SRR25894125	gb|AIF29598.1|ARO:3003208|FosXCC	1
SRR25894125	gb|AIG19998.1|ARO:3005144|PDC-61	1
SRR25894125	gb|AIT76086.1|ARO:3001850|ACT-30	1
SRR25894125	gb|AIT76094.1|ARO:3002149|DHA-18	1
SRR25894125	gb|AIT76109.1|ARO:3002153|DHA-22	1
SRR25894125	gb|AIT76116.1|ARO:3002177|MIR-12	1
SRR25894125	gb|AIT76117.1|ARO:3002179|MIR-14	1
SRR25894125	gb|AIT76118.1|ARO:3001583|OXA-397	1
SRR25894125	gb|AIU44173.1|ARO:3001608|OXA-417	1
SRR25894125	gb|AJE92936.1|ARO:3004541|mphK	1
SRR25894125	gb|AKH90740.1|ARO:3001607|OXA-416	1
SRR25894125	gb|AKO71461.1|ARO:3004608|EreD	1
SRR25894125	gb|AKR18027.1|ARO:3004350|PDC-87	1
SRR25894125	gb|AKR18031.1|ARO:3004354|PDC-91	1
SRR25894125	gb|AKR53962.1|ARO:3003596|OXA-440	1
SRR25894125	gb|ALA99191.1|ARO:3001462|OXA-157	1
SRR25894125	gb|ALC76097.1|ARO:3003611|OXA-455	1
SRR25894125	gb|ALC79291.1|ARO:3003633|OXA-476	1
SRR25894125	gb|ALC79293.1|ARO:3003635|OXA-478	1
SRR25894125	gb|ALM24139.1|ARO:3004671|FosB4	1
SRR25894125	gb|ALU64000.1|ARO:3003713|VCC-1	1
SRR25894125	gb|AMY61250.1|ARO:3004092|HMB-1	1
SRR25894125	gb|AMZ75637.1|ARO:3007911|ACT-143	1
SRR25894125	gb|ANN23980.1|ARO:3004554|dfrA29	1
SRR25894125	gb|APB03221.1|ARO:3003988|AAC(2')-IIb	1
SRR25894125	gb|APY23841.1|ARO:3004735|ARL-2	1
SRR25894125	gb|AQV34023.1|ARO:3004637|qnrE2	1
SRR25894125	gb|ASF15667.1|ARO:3001501|OXA-252	1
SRR25894125	gb|ATL63235.1|ARO:3004357|catV	1
SRR25894125	gb|ATQ63376.1|ARO:3004504|MCR-3.10	1
SRR25894125	gb|ATX60370.1|ARO:3005033|FLC-1	1
SRR25894125	gb|AUX87883.1|ARO:3008457|OXA-1036	1
SRR25894125	gb|AVK94779.1|ARO:3004696|MCR-4.4	1
SRR25894125	gb|AWA42532.1|ARO:3005028|FRI-5	1
SRR25894125	gb|AWB15813.1|ARO:3005096|GPC-1	1
SRR25894125	gb|AWU66462.1|ARO:3004866|NDM-23	1
SRR25894125	gb|BAA07922.1|ARO:3007972|ACT-GC1	1
SRR25894125	gb|BAD06399.1|ARO:3002332|GES-3	1
SRR25894125	gb|BAD14386.1|ARO:3002573|AAC(6')-Iae	1
SRR25894125	gb|BAE05988.1|ARO:3004670|FosB1	1
SRR25894125	gb|BAE48233.1|ARO:3002030|CMY-19	1
SRR25894125	gb|BAF95726.1|ARO:3002050|CMY-39	1
SRR25894125	gb|BAL40892.1|ARO:3004768|CIA-1	1
SRR25894125	gb|BAM28879.1|ARO:3001204|SHV-167	1
SRR25894125	gb|BAM34463.1|ARO:3001827|ACT-16	1
SRR25894125	gb|BAO09635.1|ARO:3001557|OXA-371	1
SRR25894125	gb|BDI54505.1|ARO:3007832|GES-54	1
SRR25894125	gb|BDR24829.1|ARO:3008192|GIM-3	1
SRR25894125	gb|BDT65865.1|ARO:3008595|OXA-1177	1
SRR25894125	gb|BEK76843.1|ARO:3008168|DHA-30	1
SRR25894125	gb|BEV74468.1|ARO:3009085|VEB-33	1
SRR25894125	gb|BFF41853.1|ARO:3009033|PNC-2	1
SRR25894125	gb|CAA37805.1|ARO:3004656|Ecol_catII	1
SRR25894125	gb|CAA40146.1|ARO:3002997|LCR-1	1
SRR25894125	gb|CAA41211.1|ARO:3001400|OXA-5	1
SRR25894125	gb|CAA54269.1|ARO:3007105|nimC	1
SRR25894125	gb|CAA63714.1|ARO:3002364|PER-2	1
SRR25894125	gb|CAA83855.1|ARO:3000380|FosC	1
SRR25894125	gb|CAB61643.1|ARO:3004792|FONA-5	1
SRR25894125	gb|CAC17627.1|ARO:3002520|OCH-7	1
SRR25894125	gb|CAC8536249.1|ARO:3007456|dfrL	1
SRR25894125	gb|CAD12765.1|ARO:3002203|IMP-12	1
SRR25894125	gb|CAD60972.1|ARO:3008206|HER-8	1
SRR25894125	gb|CAG41812.1|ARO:3003733|fusC	1
SRR25894125	gb|CAI30650.2|ARO:3001116|SHV-61	1
SRR25894125	gb|CAJ32491.1|ARO:3002622|aadA6/aadA10	1
SRR25894125	gb|CAK95238.1|ARO:3003867|ADC-23	1
SRR25894125	gb|CAO83029.1|ARO:3002288|VIM-18	1
SRR25894125	gb|CAP69660.1|ARO:3001811|OXA-129	1
SRR25894125	gb|CAQ53849.2|ARO:3004552|dfrA30	1
SRR25894125	gb|CAZ48628.1|ARO:3002852|arr-7	1
SRR25894125	gb|CBE03766.1|ARO:3007671|CdnimB	1
SRR25894125	gb|CBZ41939.1|ARO:3005097|mecC-type_BlaZ	1
SRR25894125	gb|CCK86740.1|ARO:3001819|ACC-5	1
SRR25894125	gb|CCP46182.1|ARO:3003035|mfpA	1
SRR25894125	gb|CFB60580.1|ARO:3001458|OXA-153	1
SRR25894125	gb|CTQ57092.1|ARO:3004682|aadA27	1
SRR25894125	gb|DAC85641.1|ARO:3007099|FosM3	1
SRR25894125	gb|EEL41021.1|ARO:3003072|mphL	1
SRR25894125	gb|EIM09515.1|ARO:3004747|BAT-1	1
SRR25894125	gb|ENV20093.1|ARO:3001755|OXA-300	1
SRR25894125	gb|ENV82218.1|ARO:3001754|OXA-299	1
SRR25894125	gb|ENX18112.1|ARO:3001757|OXA-302	1
SRR25894125	gb|ESM21743.1|ARO:3007962|ACT-90	1
SRR25894125	gb|KCZ55067.1|ARO:3008508|OXA-1090	1
SRR25894125	gb|KXF74838.1|ARO:3008821|PAD-1	1
SRR25894125	gb|MBS2780954.1|ARO:3008733|OXA-956	1
SRR25894125	gb|MBU9400921.1|ARO:3008993|PEN-A16	1
SRR25894125	gb|MCD9185600.1|ARO:3008083|CAM-2	1
SRR25894125	gb|MCE1398600.1|ARO:3007924|ACT-159	1
SRR25894125	gb|MCK7256087.1|ARO:3008376|MIR-28	1
SRR25894125	gb|PRE46797.1|ARO:3008989|PEN-A11	1
SRR25894125	gb|PRE61420.1|ARO:3009004|PEN-A26	1
SRR25894125	gb|PRF24721.1|ARO:3009007|PEN-A29	1
SRR25894125	gb|PRH49453.1|ARO:3008994|PEN-A17	1
SRR25894125	gb|QLO53791.1|ARO:3008812|OXY-6-10	1
SRR25894125	gb|QTG68653.1|ARO:3008828|PDC-481	1
SRR25894125	gb|QTJ60982.1|ARO:3007062|VAM-1	1
SRR25894125	gb|QUR41146.1|ARO:3008830|PDC-483	1
SRR25894125	gb|QVO43836.1|ARO:3008739|OXA-962	1
SRR25894125	gb|QWA20206.1|ARO:3008427|OXA-1006	1
SRR25894125	gb|QWQ57435.1|ARO:3007515|ANT(9)-Ic	1
SRR25894125	gb|QWY17602.1|ARO:3009035|RAA-1	1
SRR25894125	gb|QYH55591.1|ARO:3008440|OXA-1019	1
SRR25894125	gb|QYH55601.1|ARO:3008450|OXA-1029	1
SRR25894125	gb|QYJ63007.1|ARO:3007837|CARB-58	1
SRR25894125	gb|SAJ87944.1|ARO:3009006|PEN-A28	1
SRR25894125	gb|UBK05373.1|ARO:3008073|AIM-2	1
SRR25894125	gb|UDF87831.1|ARO:3008115|CMY-178	1
SRR25894125	gb|UHO07593.1|ARO:3008855|PDC-508	1
SRR25894125	gb|UIC51886.1|ARO:3008071|AFM-4	1
SRR25894125	gb|ULU82601.1|ARO:3007448|TEM-246	1
SRR25894125	gb|UNN26045.1|ARO:3007890|ACT-107	1
SRR25894125	gb|UNN26057.1|ARO:3008515|OXA-1097	1
SRR25894125	gb|URF41644.1|ARO:3008537|OXA-1119	1
SRR25894125	gb|UWS41116.1|ARO:3007483|RAD-1	1
SRR25894125	gb|UWX67704.1|ARO:3007437|EBR-5	1
SRR25894125	gb|VUS34372.1|ARO:3008805|OXY-4-4	1
SRR25894125	gb|WDE35082.1|ARO:3008284|KPC-158	1
SRR25894125	gb|WDE35083.1|ARO:3008007|ADC-291	1
SRR25894125	gb|WEG44279.1|ARO:3008291|KPC-165	1
SRR25894125	gb|WEG44939.1|ARO:3007895|ACT-112	1
SRR25894125	gb|WFP96649.1|ARO:3008668|OXA-1258	1
SRR25894125	gb|WHL55056.1|ARO:3008153|CTX-M-264	1
SRR25894125	gb|WHO54936.1|ARO:3008215|IMP-100	1
SRR25894125	gb|WP_001100752.1|ARO:3006131|PER-10	1
SRR25894125	gb|WP_005046018.1|ARO:3006302|ADC-127	1
SRR25894125	gb|WP_005307218.1|ARO:3006309|ADC-134	1
SRR25894125	gb|WP_007879679.1|ARO:3006105|OXA-919	1
SRR25894125	gb|WP_009901927.1|ARO:3006904|CDD-1	1
SRR25894125	gb|WP_010337133.1|ARO:3006993|SGM-7	1
SRR25894125	gb|WP_010798607.1|ARO:3006943|LUT-1	1
SRR25894125	gb|WP_013992183.1|ARO:3007006|ZOG-1	1
SRR25894125	gb|WP_016146025.1|ARO:3006313|ADC-138	1
SRR25894125	gb|WP_016162389.1|ARO:3005329|OXA-673	1
SRR25894125	gb|WP_016651348.1|ARO:3005881|OXA-670	1
SRR25894125	gb|WP_026025287.1|ARO:3006894|ALI-1	1
SRR25894125	gb|WP_031690214.1|ARO:3006483|PDC-103	1
SRR25894125	gb|WP_032494240.1|ARO:3002119|CMY-107	1
SRR25894125	gb|WP_034848068.1|ARO:3005527|BlaB-14	1
SRR25894125	gb|WP_045261282.1|ARO:3006244|ACT-49	1
SRR25894125	gb|WP_045331469.1|ARO:3006243|ACT-48	1
SRR25894125	gb|WP_047726486.1|ARO:3006260|ACT-65	1
SRR25894125	gb|WP_053816671.1|ARO:3006529|PDC-151	1
SRR25894125	gb|WP_058135553.1|ARO:3006822|PDC-455	1
SRR25894125	gb|WP_063857822.1|ARO:3005523|BlaB-10	1
SRR25894125	gb|WP_063859975.1|ARO:3005591|CTX-M-168	1
SRR25894125	gb|WP_063860256.1|ARO:3006878|EC-18	1
SRR25894125	gb|WP_063860454.1|ARO:3006881|EC-8	1
SRR25894125	gb|WP_063860614.1|ARO:3005463|IMP-53	1
SRR25894125	gb|WP_063860828.1|ARO:3006944|LUT-2	1
SRR25894125	gb|WP_063860829.1|ARO:3006945|LUT-3	1
SRR25894125	gb|WP_063860830.1|ARO:3006946|LUT-4	1
SRR25894125	gb|WP_063860831.1|ARO:3006947|LUT-5	1
SRR25894125	gb|WP_063860834.1|ARO:3006950|MAL-2	1
SRR25894125	gb|WP_063860843.1|ARO:3003140|MOX-10	1
SRR25894125	gb|WP_063864115.1|ARO:3005734|OXA-504	1
SRR25894125	gb|WP_063864571.1|ARO:3006549|PDC-17	1
SRR25894125	gb|WP_063864576.1|ARO:3006628|PDC-25	1
SRR25894125	gb|WP_063864577.1|ARO:3006636|PDC-26	1
SRR25894125	gb|WP_063865150.1|ARO:3003146|VEB-10	1
SRR25894125	gb|WP_063865154.1|ARO:3006211|VEB-14	1
SRR25894125	gb|WP_063865164.1|ARO:3007003|VHH-1	1
SRR25894125	gb|WP_063865190.1|ARO:3002310|VIM-40	1
SRR25894125	gb|WP_063865191.1|ARO:3002311|VIM-41	1
SRR25894125	gb|WP_064483997.1|ARO:3006509|PDC-132	1
SRR25894125	gb|WP_064511509.1|ARO:3006537|PDC-159	1
SRR25894125	gb|WP_065102288.1|ARO:3005467|IMP-60	1
SRR25894125	gb|WP_071846200.1|ARO:3005350|DfrB9	1
SRR25894125	gb|WP_072186106.1|ARO:3006984|RUB-1	1
SRR25894125	gb|WP_078703439.1|ARO:3005680|GOB-31	1
SRR25894125	gb|WP_078722646.1|ARO:3005685|GOB-36	1
SRR25894125	gb|WP_078793281.1|ARO:3005693|GOB-44	1
SRR25894125	gb|WP_080889626.1|ARO:3005550|BlaB-36	1
SRR25894125	gb|WP_080897395.1|ARO:3006153|OKP-D-1	1
SRR25894125	gb|WP_081330264.1|ARO:3006899|AXC-3	1
SRR25894125	gb|WP_086980232.1|ARO:3005529|BlaB-16	1
SRR25894125	gb|WP_088245220.1|ARO:3006592|PDC-215	1
SRR25894125	gb|WP_094321595.1|ARO:3007265|MCR-3.24	1
SRR25894125	gb|WP_099982812.1|ARO:3005306|PDC-173	1
SRR25894125	gb|WP_100831609.1|ARO:3006623|PDC-245	1
SRR25894125	gb|WP_101360689.1|ARO:3005673|GOB-24	1
SRR25894125	gb|WP_104531866.1|ARO:3006937|LHK-3	1
SRR25894125	gb|WP_109545072.1|ARO:3005333|OXA-641	1
SRR25894125	gb|WP_109545095.1|ARO:3005809|OXA-588	1
SRR25894125	gb|WP_109545110.1|ARO:3005837|OXA-616	1
SRR25894125	gb|WP_111273842.1|ARO:3007269|MCR-3.13	1
SRR25894125	gb|WP_111273848.1|ARO:3006164|GES-35	1
SRR25894125	gb|WP_111967096.1|ARO:3006257|ACT-62	1
SRR25894125	gb|WP_114268491.1|ARO:3005323|OXA-926	1
SRR25894125	gb|WP_114699273.1|ARO:3005876|OXA-661	1
SRR25894125	gb|WP_122630839.1|ARO:3005253|SHV-202	1
SRR25894125	gb|WP_122630883.1|ARO:3006686|PDC-316	1
SRR25894125	gb|WP_124042715.1|ARO:3007770|aac(6')-Ib-cr10	1
SRR25894125	gb|WP_128268281.1|ARO:3006981|RSA2-1	1
SRR25894125	gb|WP_130173437.1|ARO:3006376|ADC-207	1
SRR25894125	gb|WP_136512074.1|ARO:3005714|OXA-114n	1
SRR25894125	gb|WP_136512076.1|ARO:3005717|OXA-114r	1
SRR25894125	gb|WP_136512079.1|ARO:3005720|OXA-114u	1
SRR25894125	gb|WP_136512093.1|ARO:3006002|OXA-802	1
SRR25894125	gb|WP_136512109.1|ARO:3005514|VIM-66	1
SRR25894125	gb|WP_148044430.1|ARO:3006707|PDC-338	1
SRR25894125	gb|WP_148044441.1|ARO:3006718|PDC-349	1
SRR25894125	gb|WP_148044445.1|ARO:3006723|PDC-354	1
SRR25894125	gb|WP_150823481.1|ARO:3005280|PDC-323	1
SRR25894125	gb|WP_150823489.1|ARO:3006701|PDC-331	1
SRR25894125	gb|WP_150823491.1|ARO:3005283|PDC-384	1
SRR25894125	gb|WP_150823496.1|ARO:3007270|MCR-3.28	1
SRR25894125	gb|WP_159162532.1|ARO:3006403|ADC-234	1
SRR25894125	gb|WP_179284345.1|ARO:3006110|OXA-924	1
SRR25894125	gb|WP_188331887.1|ARO:3007286|MCR-2.5	1
SRR25894125	gb|WP_188331888.1|ARO:3007288|MCR-2.6	1
SRR25894125	gb|WP_197749413.1|ARO:3005291|PDC-464	1
SRR25894125	gb|WP_204376231.1|ARO:3006193|KPC-64	1
SRR25894125	gb|WP_204376240.1|ARO:3006833|PDC-467	1
SRR25894125	gb|WPR17911.1|ARO:3008125|CMY-190	1
SRR25894125	gb|WVW91689.1|ARO:3008936|PDC-589	1
SRR25894125	gb|WWB25208.1|ARO:3009044|SED-2	1
SRR25894125	gb|WWV75918.1|ARO:3008648|OXA-1238	1
SRR25894125	gb|XAJ73533.1|ARO:3008100|CMH-27	1
SRR25894125	gb|XAJ73534.1|ARO:3008101|CMH-28	1
SRR25894125	gb|XAJ73535.1|ARO:3008102|CMH-29	1
SRR25894125	gb|XAJ73538.1|ARO:3008105|CMH-32	1
SRR25894125	gb|XAJ73562.1|ARO:3007951|ACT-188	1
SRR25894125	gb|XBP46891.1|ARO:3008665|OXA-1255	1
SRR25894125	gb|XBP46892.1|ARO:3008666|OXA-1256	1
SRR25894125	gb|XGB73492.1|ARO:3008685|OXA-1275	1
